310,1,22,340;854;1367,19.79;22.98;20.39,3.37;5.16;107.62,11858.41;10972.76;10877.19,111
311,1,0,373;886;1400,16.24;21.98;19.50,0.00;0.00;0.00,12580.64;12163.74;11673.15,112
312,1,22,331;844;1359;1872;2385;2899,19.20;20.59;20.39;23.99;21.48;21.48,0.00;0.00;0.00;0.00;18.46;126.49,12000.00;11578.95;12000.00;11812.87;12046.78;11322.96,113
313,1,0,355;868,17.33;19.30,0.00;0.00,11016.95;11461.99,114
314,2,0,3743;4257;4770;5283;5796;6310;6823;7336;7849;8363;8876;9389;9902,16.64;19.00;19.69;19.99;20.19;20.19;19.89;19.99;20.09;19.89;20.09;19.99;19.99,0.00;0.00;0.00;0.00;0.00;0.00;0.00;0.00;0.00;0.00;0.00;0.00;0.00,1778.91;10856.03;12397.66;12046.78;11578.95;11322.96;11461.99;11578.95;11929.82;11439.69;11578.95;11578.95;11345.03,114
315,1,0,412;925;1439;1952;2465;2978,15.95;19.50;22.88;20.49;21.58;22.98,0.00;0.00;73.35;244.29;268.97;412.24,10948.90;11228.07;11439.69;11228.07;11111.11;11906.62,115
316,2,0,5751;6264;6777;7291;7804;8317,18.31;19.89;23.69;21.58;21.28;23.89,0.00;0.00;0.81;170.15;262.07;362.28,1752.99;10994.15;11929.82;11673.15;11578.95;11345.03,115
317,1,0,313;826;1340;1853;2366;2880;3394;3907;4421;4934,16.73;22.38;19.50;21.48;22.88;19.89;22.48;22.38;20.59;23.59,0.00;0.00;0.00;0.00;0.00;1.06;61.58;231.71;270.40;430.26,11346.15;12023.35;11812.87;11461.99;11673.15;12163.74;11578.95;11673.15;11322.96;11228.07,116
318,2,0,7809;8322;8835;9348;9862;10375,17.03;22.08;19.40;20.69;22.88;20.69,0.00;0.00;94.06;256.62;278.16;467.90,1930.57;11345.03;11461.99;11322.96;11695.91;11345.03,116
319,3,0,13251;13764,17.72;19.20,0.00;0.00,2640.71;11929.82,116
320,1,0,310;823;1336;1849;2363;2876;3389,18.41;18.80;23.18;21.68;20.59;24.49;21.18,11.21;16.15;88.76;275.29;288.18;419.06;877.46,10873.79;11228.07;11695.91;11578.95;11089.49;11228.07;11228.07,117
321,2,0,6265;6778;7291;7805;8318;8831;9345,19.89;18.90;22.48;21.98;20.79;24.70;21.58,15.03;16.84;144.42;281.70;317.52;586.74;1465.97,2184.59;11929.82;11345.03;10739.30;11461.99;11695.91;10038.91,117
322,3,0,12219;12732;13245;13759;14272;14785;15300,19.00;19.10;23.69;20.98;20.89;24.19;21.88,14.64;16.94;134.68;279.95;310.50;556.94;1338.98,9555.27;12280.70;11111.11;11673.15;10409.36;11111.11;10601.94,117
324,1,0,382;896;1409;1922;2436;2949;3462;3975,19.60;19.20;24.19;21.68;20.98;25.00;22.68;23.89,3.65;6.95;178.08;270.91;337.42;666.34;1689.70;3953.32,12125.98;11789.88;11345.03;11228.07;11789.88;11111.11;10175.44;9590.64,119
325,2,0,6850;7364,22.18;26.02,5087.33;7312.44,1473.33;8538.01,119
326,3,0,10238;10751;11265;11778;12291;12805;13318;13831;14345;14858;15371;15885,20.89;21.18;20.49;23.99;20.59;21.68;25.10;23.08;24.80;25.51;23.69;26.02,2.47;6.42;174.42;271.20;348.34;700.45;1888.79;4215.58;4724.49;4818.75;4907.98;5002.91,2083.86;11228.07;11789.88;11111.11;10526.32;10622.57;10292.40;9356.72;9455.25;9122.81;9239.77;9571.98,119
327,1,0,102;309;516;722;929;1136;1341;1548;1755;1961;2168;2375;2580;2787;2994;3200;3407;3614,16.14;19.69;23.89;26.23;23.59;21.48;22.58;26.02;24.49;22.68;21.78;24.70;25.41;23.59;22.38;23.59;27.77;26.12,0.81;6.79;8.75;11.57;17.91;122.81;246.35;269.89;274.46;279.61;278.28;289.14;336.84;432.81;594.51;840.04;1166.91;1890.14,11881.19;11594.20;10144.93;10485.44;11594.20;10144.93;10536.59;10434.78;10434.78;10194.17;11594.20;11014.49;10829.27;10434.78;10434.78;10776.70;9855.07;10144.93,121
328,2,0,5885;6092;6298;6504;6710;6917;7124;7330;7537;7743;7949;8156;8363;8569;8776;8982;9188;9395,20.09;24.49;25.41;22.98;21.08;24.09;26.33;24.19;22.48;22.38;25.51;24.90;23.18;22.08;24.19;27.36;25.51;24.19,0.00;10.15;8.75;9.06;16.21;127.75;250.69;271.07;279.28;283.00;277.27;292.01;343.37;449.28;616.23;865.44;1261.73;2116.04,667.96;12173.91;10536.59;11304.35;11884.06;11359.22;11594.20;10776.70;11304.35;11650.49;12233.01;11594.20;11304.35;10776.70;11014.49;10194.17;9902.91;10144.93,121
329,3,22,12121,18.61,-2200.73,2477.17,121
330,1,0,225;431;638;844;1051;1258;1464;1670;1876;2083;2290;2496;2703;2909;3115;3322;3529;3735;3942;4149;4354;4561;4768;4974;5181,17.13;23.18;26.23;23.69;21.68;23.48;25.61;24.70;22.48;22.18;24.49;26.74;23.79;21.48;23.28;26.64;24.49;22.68;21.58;24.19;25.31;23.48;22.28;22.88;26.84,0.00;0.00;0.00;0.00;0.42;2.95;3.14;3.97;5.29;7.69;10.19;12.86;15.68;33.22;152.92;239.57;254.11;269.98;277.71;278.44;309.21;385.74;524.52;717.42;1038.12,12589.29;12233.01;10724.64;11067.96;11014.49;11014.49;10194.17;11650.49;11594.20;11359.22;11594.20;10776.70;11014.49;12233.01;11941.75;9275.36;11884.06;11650.49;11304.35;10776.70;11067.96;11304.35;11014.49;9611.65;10434.78,122
331,2,0,7452;7659;7865;8071;8278;8484;8691;8898;9104;9311;9517;9723;9930;10137;10343;10550;10756;10962,18.61;21.18;24.70;26.43;23.38;21.38;23.18;26.23;24.09;22.48;21.38;24.60;25.00;23.28;22.08;23.59;27.05;25.92,0.00;9.68;10.36;10.91;13.95;76.75;218.92;267.31;265.44;277.14;277.44;281.55;313.11;397.34;534.02;738.43;1065.76;1723.79,610.47;11014.49;10144.93;11414.63;11014.49;10776.70;10724.64;11014.49;11067.96;11359.22;10434.78;11067.96;10434.78;11014.49;10776.70;9855.07;9320.39;11359.22,122
332,3,0,13234;13440;13647;13854;14060;14267;14472;14679;14886;15092;15299;15506;15712;15918;16125;16331;16538;16745,19.89;24.49;25.41;22.88;20.79;23.99;26.12;24.09;22.28;21.48;25.31;25.00;23.18;21.88;23.99;27.26;25.21;23.79,0.00;7.29;10.04;10.52;13.68;50.53;197.70;265.03;268.22;275.42;279.23;277.56;301.97;369.71;507.72;688.61;973.34;1558.89,581.11;11359.22;11594.20;11884.06;11650.49;11594.20;10829.27;10144.93;10434.78;10776.70;11594.20;10434.78;10776.70;9902.91;10724.64;10194.17;10144.93;9275.36,122
333,4,0,19016;19223;19429;19635;19841;20048;20255;20461;20668;20875;21080;21287;21494;21700;21907;22114;22319,21.48;23.99;22.38;21.18;23.69;26.43;24.09;22.48;21.88;25.51;25.00;23.08;21.88;23.48;26.84;24.90;23.59,0.00;4.74;8.74;9.69;12.67;32.58;172.59;262.32;270.48;280.58;278.09;282.51;322.60;412.72;569.71;783.12;1157.81,1046.00;11884.06;11067.96;11359.22;11304.35;12233.01;11304.35;10776.70;10434.78;10724.64;11121.95;11594.20;11304.35;10485.44;10724.64;10434.78;9951.22,122
334,5,0,24592;24797;25004;25210;25417;25624;25830;26037;26243;26449;26656;26863;27069;27276;27482;27688;27895;28101,21.48;24.70;22.98;21.18;23.69;25.82;24.70;22.68;21.58;24.60;25.31;23.79;22.28;22.98;26.02;25.41;23.89;23.18,0.00;9.36;6.03;6.56;9.36;23.13;155.42;261.25;271.56;279.10;283.21;277.66;302.99;378.99;524.46;712.57;1004.80;1623.55,580.83;11121.95;11304.35;10485.44;11304.35;10434.78;11067.96;11359.22;11014.49;10776.70;11594.20;11594.20;9611.65;10724.64;11121.95;10724.64;10724.64;9902.91,122
335,1,0,222;428;635;842;1047;1254;1461;1667;1874;2081;2286;2493;2699;2906;3113;3319;3525;3732;3938,23.28;24.09;22.48;22.08;24.39;26.64;24.29;22.68;21.58;25.00;25.21;23.48;22.28;23.08;26.53;26.02;24.80;24.19;27.26,0.27;7.07;5.49;7.95;29.28;175.75;265.59;271.90;276.97;281.59;279.73;311.13;393.68;545.45;747.78;1023.76;1654.66;2673.25;4076.68,10588.24;10724.64;12524.27;11594.20;10536.59;11304.35;10434.78;10485.44;11014.49;11304.35;11707.32;9855.07;11650.49;10724.64;10724.64;10194.17;9320.39;8115.94;9029.13,123
336,2,0,6209;6416;6623;6829;7036;7242;7448;7655;7861;8068;8275;8481;8687;8894;9100;9307;9513;9720;9926,21.98;21.78;21.58;23.79;26.43;24.49;22.48;21.58;24.70;25.51;23.69;22.28;22.08;25.41;25.41;23.99;23.18;25.21;29.34,0.00;8.32;7.16;7.36;12.11;110.39;243.07;272.18;273.87;277.12;278.23;287.80;343.22;461.64;653.24;892.38;1355.53;2238.14;3666.63,813.95;11304.35;11014.49;11359.22;10144.93;11304.35;11414.63;10144.93;10776.70;11014.49;10144.93;10776.70;11067.96;10434.78;10194.17;9855.07;10194.17;8695.65;8155.34,123
337,3,0,12198;12404;12610;12817;13023;13230;13437;13643;13849;14055;14262;14469;14675;14882;15088;15294;15501;15707;15914,19.79;20.39;23.18;26.12;25.10;22.88;21.58;23.79;26.23;24.29;22.58;21.58;24.90;25.72;24.19;23.08;23.59;27.36;27.67,0.00;7.24;8.72;9.15;13.51;102.50;235.44;270.80;272.25;277.28;276.68;285.84;335.28;445.02;631.59;870.82;1282.32;2172.43;3578.31,609.87;11121.95;11014.49;11014.49;11650.49;11884.06;11594.20;11067.96;12233.01;11359.22;10434.78;11304.35;11359.22;9855.07;10485.44;9902.91;9565.22;8446.60;8405.80,123
338,4,0,18185;18392;18598;18805;19011;19217;19424;19631;19837;20044;20249;20456;20663;20869;21076;21283;21488;21695;21902,18.61;22.28;25.41;25.72;23.08;21.08;23.48;26.74;24.70;22.98;21.88;24.49;26.12;24.19;22.88;22.08;26.12;27.15;26.23,0.00;6.41;8.61;9.29;13.15;88.77;228.17;270.54;269.91;278.66;282.85;280.78;323.71;425.82;596.46;833.88;1216.04;2070.27;3366.26,8459.30;11304.35;11941.75;10434.78;9902.91;10485.44;11594.20;11304.35;11650.49;10434.78;10829.27;11014.49;10724.64;11941.75;10724.64;10434.78;9951.22;9275.36;8985.51,123
339,5,0,24173;24379;24586;24792;24999;25206;25411;25618;25825;26031;26238;26445;26650;26857;27063;27270;27477;27683,19.99;24.29;26.23;23.69;21.58;23.28;25.92;24.70;22.88;21.88;23.69;27.05;24.70;23.18;22.08;25.00;27.15;25.72,0.00;7.74;7.39;8.12;11.30;73.20;219.80;269.80;269.04;278.34;284.40;280.07;311.98;407.08;568.21;789.94;1139.86;1913.51,1075.06;11941.75;11014.49;10194.17;11594.20;10144.93;12000.00;10434.78;11014.49;10485.44;11014.49;10194.17;10485.44;11304.35;10776.70;11014.49;10434.78;9902.91,123
342,1,0,161;263;366;470;573;677;779;882;986;1089;1193;1296;1399;1502;1605;1709;1812;1915;2018;2121;2225;2328;2431;2534;2638;2741;2844;2947;3050;3154;3257;3361;3463;3566;3670;3773;3877;3979;4082;4186;4289;4393;4495;4599;4702;4805;4909;5011;5115,17.33;20.98;24.70;22.18;26.12;24.39;23.48;25.41;22.28;26.12;24.29;23.38;25.31;22.48;26.33;24.29;23.48;25.21;22.28;26.43;24.29;23.48;25.51;22.78;24.90;22.48;22.88;25.41;22.78;24.80;22.08;22.68;25.61;23.08;25.00;22.68;22.88;25.41;22.98;25.51;22.88;23.48;26.74;23.99;26.74;23.79;24.80;28.09;26.12,0.00;0.00;4.05;0.00;0.06;0.43;0.97;0.87;1.21;1.94;3.04;4.06;4.96;6.39;7.07;8.79;10.49;11.42;12.19;13.37;16.43;48.01;128.12;194.53;232.20;252.57;257.81;250.28;255.43;268.11;278.91;283.43;277.35;278.45;290.82;311.24;348.07;402.70;478.12;558.99;646.80;765.31;899.76;1098.41;1391.76;1784.17;2282.73;2904.91;3720.44,11320.75;11650.49;11067.96;12692.31;9320.39;12692.31;11650.49;10588.24;12115.38;11067.96;13269.23;11650.49;9902.91;11067.96;11067.96;10961.54;11650.49;12233.01;10485.44;12233.01;9807.69;10485.44;11650.49;11067.96;11538.46;10485.44;11650.49;11067.96;10485.44;8653.85;11650.49;10485.44;10485.44;10485.44;10384.62;9902.91;9230.77;11764.71;12233.01;10384.62;10485.44;10961.54;10000.00;9807.69;9320.39;9902.91;9807.69;8235.29;8076.92,126
343,2,0,7219;7386;7489;7592;7695;7799;7902;8005;8108;8211,16.54;21.78;25.61;27.26;26.12;29.87;26.23;26.84;28.92;26.64,4680.09;4661.50;4610.51;4723.41;4933.83;5008.78;4905.92;4745.81;4777.84;5001.88,149.93;9341.32;6990.29;7572.82;8155.34;6346.15;8155.34;7572.82;9320.39;8737.86,126
344,3,0,10316;10482;10586;10689;10792;10895;10999;11102;11205;11309;11411;11515;11618;11721;11825;11927;12031;12134;12238;12341;12443;12547;12650;12754;12857;12959;13063;13166;13270;13373;13476;13579;13682;13786;13889;13992;14095;14199;14302,19.00;21.58;22.48;25.31;22.48;26.43;24.09;23.59;25.31;22.38;26.43;22.68;22.98;25.61;23.08;25.41;22.58;23.08;25.31;22.88;25.21;22.58;23.08;25.61;23.18;26.02;22.98;23.48;25.72;23.38;26.33;23.38;24.19;26.53;24.49;27.77;25.00;25.72;28.61,0.00;0.00;13.30;12.51;6.97;9.50;10.47;12.04;13.92;26.69;95.51;178.59;228.78;256.33;268.31;262.23;262.33;271.37;275.89;277.68;284.12;278.82;277.34;288.66;311.65;347.50;394.35;468.62;556.26;641.82;742.86;878.62;1105.33;1381.25;1735.61;2268.94;2980.26;3726.29;4239.29,1349.33;13012.05;11538.46;9902.91;9807.69;12352.94;10384.62;12815.53;10485.44;13269.23;10588.24;10961.54;11650.49;11650.49;10384.62;11764.71;12115.38;11650.49;12115.38;11650.49;10588.24;11538.46;11067.96;9807.69;11067.96;10588.24;10961.54;10485.44;12115.38;9902.91;11067.96;9320.39;10485.44;9230.77;8737.86;8155.34;8737.86;8653.85;8155.34,126
345,4,0,16406;16573;16676;16779;16882;16986;17089;17192;17295;17399;17502;17605;17709;17811;17915;18018;18121;18225;18327;18431;18534;18638;18741;18843;18947;19050;19154;19257;19359;19463;19566;19670;19773;19876;19979;20082;20186,19.79;24.09;23.99;22.98;25.51;22.18;25.21;24.29;23.08;25.92;22.28;24.29;23.69;23.08;26.02;22.98;24.39;23.38;23.08;25.92;23.08;24.49;23.59;22.88;25.82;23.18;24.60;23.69;23.38;26.84;23.69;25.31;24.29;24.29;27.57;24.90;27.05,0.00;1.77;14.78;11.46;6.60;9.05;9.92;11.02;12.93;18.54;66.35;152.67;213.78;244.51;261.72;265.58;258.59;264.63;276.14;277.52;280.99;281.98;279.97;286.35;302.34;332.23;379.50;449.58;530.76;615.05;725.74;848.09;1018.52;1300.05;1671.09;2146.43;2722.68,119.94;12215.57;10485.44;12233.01;9320.39;10384.62;12815.53;10384.62;10588.24;12115.38;11650.49;11650.49;11538.46;10588.24;10961.54;11067.96;11650.49;9807.69;11176.47;10384.62;12815.53;12115.38;10485.44;11764.71;10961.54;9902.91;10384.62;9902.91;10000.00;11538.46;10485.44;9230.77;9320.39;11650.49;10485.44;10485.44;8076.92,126
346,5,0,22290;22457;22559;22663;22766;22870;22973;23077;23179;23282;23386;23489;23593;23695;23799;23902;24005;24109;24211;24315;24418;24521;24625;24727;24831;24934;25038;25141;25243;25347;25450;25554;25657,18.11;20.39;25.41;21.98;23.99;24.70;22.68;26.23;22.18;23.79;24.60;22.88;26.95;23.08;23.69;24.39;22.88;26.74;23.18;23.69;24.49;23.18;26.64;23.08;23.79;24.70;23.28;26.95;23.38;24.49;25.21;23.89;28.40,0.00;1.06;13.82;11.62;6.34;8.76;9.17;11.04;13.21;31.05;106.85;190.06;240.32;265.64;271.84;265.18;269.33;277.79;278.71;279.62;278.65;278.35;283.57;298.01;326.82;370.55;440.76;522.80;605.99;713.23;841.33;1013.60;1277.55,2758.62;11137.72;11764.71;10384.62;13398.06;12115.38;12233.01;10384.62;12941.18;11650.49;10961.54;12815.53;10384.62;12352.94;10384.62;11067.96;10485.44;10961.54;11764.71;12692.31;9902.91;9320.39;12115.38;11176.47;11538.46;10485.44;11538.46;9902.91;10588.24;12692.31;9902.91;10961.54;10485.44,126
347,1,0,139;242;345;449;552;655;758;862;965;1068;1172;1274;1378;1481;1584;1688;1790;1894;1997;2101;2204;2307;2410;2513;2617;2720;2824;2926;3029;3133;3236;3340;3443;3545;3649;3752;3856;3959,21.58;23.28;22.88;25.61;22.28;24.49;25.00;22.98;25.92;22.98;23.79;25.21;23.08;25.72;22.58;23.08;25.72;23.18;24.80;23.08;23.18;26.43;23.48;24.60;23.89;23.18;26.43;23.38;24.49;25.00;23.59;27.88;24.09;24.70;26.74;24.90;27.67;25.00,0.00;2.81;13.38;4.69;7.68;8.75;10.20;11.42;12.82;23.89;84.85;161.64;208.61;233.57;248.36;250.51;243.91;249.28;262.90;272.74;277.17;274.68;275.26;288.51;306.41;337.41;378.58;449.18;530.67;606.85;705.41;849.95;1007.63;1234.32;1508.28;1951.57;2514.59;3060.51,10000.00;12233.01;9320.39;12115.38;9902.91;11650.49;10485.44;11538.46;11067.96;11650.49;9902.91;12233.01;9230.77;12815.53;11650.49;9807.69;11764.71;12692.31;11067.96;10961.54;9902.91;12233.01;11067.96;11650.49;10384.62;12815.53;9230.77;11176.47;10485.44;10384.62;9902.91;10384.62;9902.91;9411.76;9807.69;8155.34;10384.62;8737.86,127
348,2,0,6063;6230;6334;6437;6540;6643;6746;6850;6953;7057;7159;7263;7366;7469;7573;7675;7779;7882;7986;8089;8192;8295;8398;8502;8605;8708;8812;8914;9018;9121;9225;9328;9430;9534;9637;9741;9844,21.38;24.39;24.29;22.98;25.92;22.28;24.19;25.21;22.88;26.23;23.28;23.59;25.21;22.98;25.51;22.58;23.08;25.72;23.08;24.80;23.48;23.08;26.33;23.18;24.19;24.19;23.18;27.15;23.69;24.70;25.92;24.29;28.09;24.70;26.02;28.09;25.82,0.00;0.00;11.46;9.67;3.94;7.15;8.07;9.47;12.37;45.58;131.42;202.28;247.57;269.30;266.99;262.58;271.77;278.70;276.50;279.50;277.18;276.40;287.77;308.55;343.32;393.37;472.70;564.23;657.67;777.95;933.89;1148.15;1417.79;1798.47;2376.04;3063.43;3727.21,1620.00;10419.16;10961.54;11067.96;9902.91;12233.01;11650.49;10384.62;9902.91;11538.46;11764.71;10384.62;10485.44;12233.01;9807.69;11764.71;10961.54;12233.01;9320.39;10961.54;10485.44;10485.44;9320.39;12115.38;11067.96;10485.44;9807.69;10588.24;12115.38;9320.39;12115.38;9320.39;10588.24;8653.85;8737.86;8653.85;9902.91,127
349,3,0,11949;12115;12219;12322;12425;12528;12631;12735;12838;12942;13044;13148;13251;13354;13458;13560;13664;13767;13870;13974;14077;14180;14283;14387;14490;14593;14697;14799;14903;15006;15109;15213;15315;15419;15522;15626;15729;15832,20.19;24.19;22.08;25.21;24.60;23.18;26.23;22.48;24.29;24.60;22.68;26.33;22.98;23.48;24.60;22.88;26.33;22.88;23.18;25.41;22.98;25.21;22.48;22.88;25.72;22.78;24.70;23.89;23.28;26.74;23.48;25.00;25.31;24.39;28.82;25.21;26.33;27.98,0.00;0.00;7.50;9.15;2.43;5.09;5.83;7.88;9.93;24.38;95.41;178.10;231.27;261.59;271.35;264.12;266.15;276.02;278.53;276.30;278.32;275.77;275.65;286.53;315.02;351.05;405.35;488.81;577.94;669.11;799.67;966.27;1164.18;1436.13;1849.03;2415.40;3014.95;3626.59,329.67;13012.05;10961.54;11650.49;12233.01;10485.44;12233.01;10961.54;12233.01;10961.54;12941.18;9902.91;12692.31;12233.01;10384.62;10588.24;11538.46;12815.53;9320.39;9807.69;9902.91;12233.01;10485.44;12115.38;9902.91;11650.49;11067.96;11067.96;9807.69;10485.44;9320.39;10961.54;10588.24;9807.69;9902.91;8653.85;8155.34;8155.34,127
350,4,0,17936;18104;18207;18309;18413;18516;18620;18723;18826;18929;19032;19136;19239;19343;19445;19549;19652;19755;19859;19962;20065;20168;20271;20375;20478;20582;20684;20788;20891;20994;21098;21200;21304;21407;21511;21614;21717,19.10;21.68;24.70;22.18;26.33;24.70;23.28;26.12;22.18;24.80;23.99;22.98;26.33;22.88;23.79;24.60;22.88;26.12;22.88;23.28;25.10;22.98;25.31;22.48;23.08;26.12;23.28;24.90;23.79;23.59;27.36;24.19;25.72;26.12;25.31;29.03;25.61,0.00;0.00;11.31;9.11;3.86;6.37;7.56;9.18;16.49;69.09;156.80;219.50;252.87;269.22;267.55;263.48;271.34;280.04;276.84;274.75;274.63;272.30;279.59;302.45;335.45;382.57;460.33;543.94;632.19;755.88;926.23;1110.37;1362.83;1724.20;2277.12;2873.83;3493.01,1679.16;12857.14;11067.96;10588.24;10961.54;10485.44;11538.46;11067.96;9807.69;12941.18;10485.44;11538.46;11067.96;9230.77;10588.24;10384.62;10485.44;10485.44;10961.54;11067.96;10485.44;11650.49;10485.44;10384.62;11650.49;9807.69;12352.94;9807.69;11650.49;9902.91;10384.62;9411.76;9230.77;8737.86;9902.91;9230.77;7572.82,127
351,5,0,23821;23988;24091;24194;24298;24401;24505;24607;24711;24814;24917,16.34;25.31;25.00;27.57;26.43;26.23;29.66;26.33;27.36;27.98;26.53,4904.28;4909.66;4857.02;4652.82;4611.23;4825.75;5018.26;5004.52;4821.54;4753.24;4954.45,359.82;7904.19;8737.86;7572.82;8076.92;6407.77;8653.85;8235.29;8737.86;8653.85;9320.39,127
354,1,0,149;251;355;458;561;665;767;871;974;1078;1181;1283;1387;1490;1594;1697;1800;1903;2006;2110;2213;2317;2419;2522;2626;2729;2833;2935;3039;3142;3245;3349;3452;3555;3658;3761;3865;3968;4071;4174;4278;4381;4484;4588;4690,17.33;22.98;23.48;22.38;25.41;21.98;24.39;24.49;22.98;25.61;21.78;23.69;24.60;22.28;25.82;22.28;23.08;23.99;22.68;25.92;22.58;23.08;24.49;22.68;25.72;22.58;23.08;25.00;22.68;25.21;22.38;22.98;25.51;23.28;25.61;23.08;23.79;26.95;24.60;26.74;26.02;25.92;30.09;26.23;27.36,0.81;5.14;12.99;4.08;7.46;8.26;9.84;11.33;13.19;14.20;15.28;16.20;18.24;41.35;122.34;204.77;253.07;271.46;268.09;269.44;277.88;284.96;285.53;283.23;281.88;280.36;281.64;295.01;323.13;361.84;422.93;492.60;576.43;674.60;782.16;935.18;1168.97;1561.16;2090.01;2613.76;3208.93;3948.50;4400.55;4564.96;4652.43,11428.57;11650.49;11538.46;11067.96;12233.01;10961.54;10000.00;12115.38;10485.44;10961.54;10485.44;11764.71;12115.38;10485.44;10961.54;11650.49;12815.53;10485.44;9902.91;11538.46;10485.44;10961.54;10000.00;10485.44;12692.31;8737.86;10961.54;11764.71;9902.91;11538.46;12233.01;12115.38;9320.39;9902.91;12233.01;11067.96;8076.92;11067.96;9902.91;9902.91;8076.92;9902.91;10485.44;9807.69;8235.29,130
355,2,0,6795;6961;7065;7168;7272;7375;7478;7581;7684;7788;7891;7995;8097;8200;8304;8407;8511;8613;8717;8820;8923;9027;9130;9233;9336;9440;9543;9646;9749;9852;9956;10059;10162;10265;10368;10472;10575;10679;10782;10884;10988;11091;11195;11298;11402;11504;11607;11711;11814,19.30;19.69;24.09;24.29;22.88;25.51;22.08;24.39;24.70;22.98;26.33;22.78;23.38;24.09;22.58;26.53;22.78;23.18;24.49;22.78;26.33;22.68;23.18;24.90;22.78;25.51;22.38;23.18;25.82;23.59;25.92;23.38;24.39;27.46;25.10;27.36;26.33;25.92;29.45;25.92;27.46;27.05;26.33;29.87;26.23;26.95;28.30;26.23;30.09,0.27;5.32;18.12;19.55;13.90;16.72;18.18;20.47;44.96;124.66;202.28;252.76;276.99;281.40;275.31;279.94;287.46;287.90;287.10;283.76;281.03;285.02;298.97;329.28;367.89;423.34;501.12;589.44;701.14;832.48;1028.82;1247.63;1600.54;2172.85;2768.17;3399.42;4109.57;4651.36;4838.74;4700.69;4687.65;4902.83;5029.16;4900.71;4743.27;4904.77;5115.18;5089.27;4887.10,239.88;12650.60;10384.62;9902.91;12692.31;10485.44;12233.01;11650.49;11650.49;10961.54;11067.96;13269.23;10588.24;11650.49;10384.62;11067.96;11538.46;10000.00;11538.46;11067.96;10485.44;12115.38;9902.91;11067.96;11650.49;11538.46;10485.44;11650.49;9902.91;10485.44;10961.54;10485.44;9320.39;11650.49;9902.91;8653.85;8737.86;10384.62;9320.39;9411.76;8653.85;9320.39;10961.54;8737.86;8823.53;8653.85;11067.96;8653.85;8155.34,130
356,3,0,13920;14085;14189;14291;14395;14498;14602;14705;14808;14911;15014;15118;15221;15324;15427;15530;15634;15737;15841;15944;16046;16150;16253;16357;16460;16562;16666;16769;16873;16976;17079;17182;17285;17389;17492;17596;17698;17802;17905;18008,19.60;20.39;25.10;21.58;23.38;24.70;22.28;25.72;22.88;23.28;24.80;22.68;25.41;22.18;22.78;25.41;22.58;24.49;21.98;22.68;25.51;22.88;24.60;22.98;22.78;25.51;22.68;24.60;23.59;23.18;26.53;23.59;24.80;24.90;24.60;28.40;25.41;26.43;27.26;25.92,1.31;7.97;20.67;18.36;13.05;15.57;16.55;18.53;21.74;53.11;136.87;208.82;247.41;268.67;279.79;275.93;275.88;284.00;288.58;288.00;289.20;282.28;283.06;293.82;316.82;355.70;402.33;467.19;549.48;658.86;774.53;929.22;1159.61;1481.05;1974.21;2526.53;3255.65;4054.15;4506.95;4666.06,419.58;11272.73;12115.38;10000.00;11538.46;11650.49;12815.53;10961.54;11067.96;12233.01;10485.44;12115.38;11650.49;11067.96;11650.49;11650.49;10961.54;11650.49;12115.38;10588.24;12233.01;9807.69;11650.49;10384.62;9320.39;10588.24;10384.62;9902.91;9807.69;12233.01;11067.96;9320.39;12815.53;9807.69;9320.39;9230.77;8823.53;11067.96;8653.85;8737.86,130
357,4,0,20113;20280;20383;20485;20589;20692;20796;20899;21003;21105;21208;21312;21415;21519;21621;21724;21828;21931;22035;22138;22241;22344;22447;22551;22654;22757;22860;22964;23067;23170;23273;23376;23480;23583;23686;23790;23892;23996;24099;24203;24306;24408;24512;24615;24719;24822;24925;25028;25131,19.10;22.68;21.88;25.61;21.78;23.69;24.90;22.58;25.82;22.48;23.18;24.29;22.48;26.02;22.58;23.08;24.39;22.58;25.82;22.48;22.78;24.90;22.78;25.10;22.18;22.78;25.41;22.78;25.10;22.98;23.48;26.64;23.99;26.33;25.41;25.21;29.03;25.92;27.05;27.36;26.12;29.45;25.92;26.95;27.98;25.92;29.98;25.72;26.95,1.30;10.15;21.81;18.66;13.54;16.25;17.07;18.94;31.23;96.91;180.68;235.98;265.19;276.46;272.37;274.36;284.85;287.97;286.43;284.92;281.23;284.22;299.21;322.94;357.75;404.23;470.81;555.90;655.03;778.21;962.36;1190.64;1516.74;2046.84;2685.21;3316.18;4003.44;4578.77;4873.16;4812.33;4670.38;4804.48;5012.16;5007.49;4805.80;4783.81;5018.14;5139.98;4998.91,119.94;11137.72;9902.91;12815.53;9902.91;11650.49;13269.23;8737.86;11538.46;11176.47;9320.39;10384.62;10485.44;10961.54;10588.24;11067.96;12115.38;10485.44;10961.54;11176.47;9230.77;9902.91;11067.96;12115.38;9320.39;11650.49;9902.91;11067.96;9807.69;10485.44;9902.91;9320.39;10961.54;10485.44;10485.44;8653.85;9411.76;9230.77;9902.91;9230.77;8155.34;10000.00;9807.69;9320.39;8653.85;9320.39;8155.34;9320.39;11067.96,130
358,5,0,27236;27403;27506;27609;27713;27815;27919;28022;28125;28229;28332;28435;28538;28642;28745;28848;28951;29054;29158;29261;29365;29468;29570;29674;29777;29881;29984;30086;30190;30293;30397;30500;30603;30706;30809;30913;31016;31120;31222;31325;31429;31532;31636;31738;31842;31945;32048;32152;32255;32358;32461,18.90;19.20;22.18;24.09;22.18;25.72;22.68;23.28;25.00;22.08;26.02;22.38;22.68;25.10;22.68;25.00;22.08;22.48;24.80;22.48;24.70;21.88;22.48;25.31;22.78;24.70;22.58;22.88;25.61;22.88;24.80;23.89;23.69;27.05;24.29;25.92;26.53;26.02;29.56;25.82;27.26;27.77;26.02;29.87;25.92;26.43;27.88;26.02;28.82;25.51;26.12,0.51;6.68;17.08;18.83;12.22;15.90;16.31;18.19;20.14;30.12;91.35;178.51;236.41;264.08;268.33;266.63;273.90;281.06;285.19;286.15;285.82;280.99;283.94;298.26;320.51;359.10;425.58;509.62;587.75;685.37;827.97;961.86;1146.40;1468.40;2012.03;2594.47;3233.72;4016.79;4554.35;4681.61;4620.74;4772.12;4980.91;5003.88;4814.59;4763.13;4991.29;5141.40;5022.36;4845.47;4981.69,209.90;13293.41;12233.01;12815.53;10384.62;12233.01;12233.01;10485.44;12233.01;10384.62;11067.96;11067.96;11650.49;10384.62;11067.96;10485.44;12233.01;9902.91;10384.62;11650.49;10961.54;10485.44;11176.47;10961.54;10485.44;9807.69;11067.96;10588.24;9807.69;12815.53;9230.77;10485.44;9902.91;9902.91;9902.91;9230.77;8737.86;8653.85;9411.76;9902.91;9230.77;9902.91;8653.85;11176.47;8076.92;8737.86;10485.44;9230.77;8737.86;8737.86;9320.39,130
376,1,0,137;240;343;446;549;652;755;858;962;1064;1168;1270;1373;1477;1579;1683;1786;1888;1992;2095;2198;2301;2403;2507;2610;2713;2816;2920;3022;3125;3228;3331;3435;3537;3640;3744;3846,20.19;24.49;24.90;25.72;25.72;25.72;25.72;25.41;26.02;25.31;26.23;25.00;26.43;24.90;26.74;24.90;27.15;24.80;27.15;24.90;27.77;25.00;27.77;24.80;28.19;25.00;28.61;25.41;29.98;26.33;31.58;27.46;31.15;27.77;30.94;27.67;30.19,2.71;6.52;15.07;7.82;10.19;11.74;13.32;16.00;36.95;109.11;184.26;234.04;260.45;267.52;260.04;263.77;264.80;264.68;264.18;266.14;279.03;306.95;344.92;399.11;472.86;568.27;697.03;849.72;1117.38;1537.11;2164.79;2972.40;4027.66;5014.53;5537.87;5544.34;5445.15,595.59;553.40;611.65;495.15;553.40;582.52;466.02;553.40;519.23;500.00;461.54;617.65;640.78;432.69;529.41;461.54;553.40;441.18;548.08;558.82;519.23;553.40;558.82;519.23;495.15;466.02;582.52;548.08;441.18;495.15;466.02;524.27;432.69;411.76;466.02;461.54;441.18,137
377,2,0,5951;6113;6217;6319;6423;6526;6629;6732;6835;6938;7041;7145;7247;7350;7453;7556;7660;7762;7866;7969;8071;8175;8277;8381;8484;8586;8690;8793;8896;8999;9101,20.19;21.58;26.53;23.99;27.67;24.29;27.67;24.29;28.09;24.39;27.98;24.39;27.15;24.09;26.43;23.69;26.02;23.38;25.61;24.09;25.61;25.00;25.72;25.51;25.82;25.92;26.23;27.26;27.05;28.82;28.61,0.00;0.00;11.50;15.74;10.13;13.08;14.79;30.40;99.54;179.45;230.61;258.07;268.58;267.71;267.93;264.06;257.35;260.15;263.50;276.59;303.24;343.72;403.78;475.88;564.57;698.52;884.47;1159.14;1573.43;2301.73;3307.10,9.00;648.15;605.77;529.41;576.92;553.40;558.82;519.23;524.27;553.40;524.27;611.65;553.40;582.52;495.15;524.27;548.08;529.41;611.65;461.54;529.41;548.08;529.41;548.08;495.15;500.00;519.23;524.27;436.89;466.02;470.59,137
378,3,0,11206;11369;11472;11575;11678;11781;11885;11987;12091;12193;12296;12400;12502;12606;12709;12811;12915;13018;13121;13224;13327;13430;13533;13636;13739;13843;13945;14048;14151;14254;14358;14460;14563;14667;14769;14873;14975;15079;15182;15284;15388;15491;15594;15697;15800;15903;16006;16109;16212;16316;16418;16521;16625;16727;16831;16934;17036;17140;17242;17346;17449;17552;17655;17758;17861;17964;18068;18170;18273;18376;18479;18583;18685;18789,20.69;22.48;25.92;25.00;26.64;25.41;26.23;25.61;25.92;25.31;25.31;25.72;25.21;25.72;25.10;26.33;25.00;26.74;25.10;26.84;25.10;27.36;25.21;27.88;25.31;27.88;25.51;29.13;26.43;30.09;27.46;32.45;29.03;33.00;28.92;33.22;28.82;32.67;28.50;31.05;27.88;31.15;27.88;29.87;28.40;30.19;29.66;29.87;29.98;29.45;30.62;29.77;30.94;29.34;31.26;29.56;32.34;29.56;31.80;28.92;32.13;29.24;33.11;29.13;32.45;28.82;32.78;28.71;33.88;29.13;32.02;28.30;31.15;27.88,0.00;0.00;12.10;16.39;11.27;13.97;15.32;22.53;70.65;150.93;207.66;237.43;253.41;255.98;252.52;253.34;256.39;262.08;266.11;277.79;299.34;333.00;381.54;449.79;531.64;646.25;795.70;1040.73;1400.53;1960.75;2832.87;3977.55;4933.39;5448.51;5817.38;6087.00;6150.88;5980.69;5847.48;6020.65;6224.28;6181.48;5961.69;5993.27;6243.30;6342.72;6157.44;6017.50;6199.95;6410.65;6364.36;6140.65;6173.14;6414.14;6517.74;6341.79;6196.52;6373.00;6593.83;6567.03;6336.75;6339.43;6581.08;6713.89;6552.71;6372.80;6519.23;6752.22;6764.44;6518.76;6461.23;6697.68;6866.12;6737.44,14.99;515.34;582.52;611.65;524.27;495.15;432.69;558.82;548.08;558.82;611.65;490.38;529.41;576.92;524.27;529.41;576.92;558.82;576.92;436.89;588.24;490.38;582.52;524.27;524.27;576.92;500.00;553.40;553.40;378.64;461.54;558.82;436.89;432.69;411.76;490.38;558.82;403.85;436.89;441.18;403.85;466.02;495.15;378.64;436.89;466.02;466.02;436.89;378.64;461.54;411.76;466.02;403.85;470.59;461.54;407.77;411.76;490.38;500.00;461.54;378.64;436.89;436.89;407.77;495.15;407.77;432.69;500.00;436.89;466.02;436.89;461.54;558.82;436.89,137
379,4,0,20893;21056;21159;21261;21365;21467;21571;21674;21777;21880;21983;22086;22189;22292;22395;22498;22601;22704;22808;22910;23014;23116;23219;23323;23425;23529;23632;23734;23838;23940;24044;24147;24250;24353;24456;24559;24662;24766;24868;24971;25074;25177;25281;25383;25487;25590,22.38;26.33;24.29;27.26;24.49;27.46;24.49;27.57;24.39;27.88;24.70;28.09;24.39;28.40;24.60;27.67;24.29;26.95;23.99;26.74;23.89;26.53;23.79;26.33;23.89;26.12;25.21;26.74;26.43;27.88;28.09;28.71;29.66;29.24;30.62;29.24;31.05;29.24;31.48;29.34;31.58;29.13;32.23;29.56;32.13;28.82,0.00;0.00;12.63;16.65;10.92;13.79;15.97;27.69;87.98;166.97;219.04;246.75;259.84;257.28;256.22;259.59;264.66;267.05;267.82;278.46;302.69;337.57;394.90;466.42;553.20;677.53;837.89;1098.99;1473.19;2106.03;3045.13;4111.61;4891.61;5397.28;5778.77;5966.87;5911.01;5702.32;5779.27;6028.17;6116.02;5950.59;5819.22;5989.95;6202.41;6186.90,10.49;607.36;611.65;676.47;461.54;529.41;548.08;495.15;553.40;524.27;524.27;466.02;553.40;611.65;495.15;553.40;611.65;524.27;519.23;500.00;576.92;558.82;524.27;548.08;500.00;461.54;524.27;558.82;490.38;470.59;432.69;495.15;411.76;403.85;466.02;495.15;436.89;461.54;441.18;466.02;524.27;407.77;432.69;441.18;524.27;432.69,137
380,5,0,27693;27856;27959;28062;28165;28269;28371;28475;28578;28680;28784;28887;28990;29093;29195;29299;29402;29505;29608;29712;29814;29917;30021;30123;30227;30329;30432;30536;30638;30742;30845;30947;31051;31154;31257;31360;31463,18.41;23.99;29.66;27.36;30.30;27.36;30.30;28.19;29.66;28.71;29.45;29.56;29.98;30.09;29.34;30.62;29.13;31.05;29.66;31.58;29.13;31.58;29.13;32.02;29.56;32.56;29.03;32.34;28.71;32.56;28.82;33.33;28.92;32.67;28.50;31.48;27.98,6158.33;6167.06;6264.23;6248.84;6000.50;5980.76;6221.72;6369.90;6230.89;6050.75;6192.84;6435.89;6483.96;6265.67;6171.98;6389.13;6589.56;6534.02;6300.50;6319.51;6565.80;6701.94;6553.62;6360.71;6492.50;6732.35;6779.38;6567.91;6464.26;6667.39;6871.74;6834.64;6586.59;6570.42;6811.43;6973.42;6862.05,7.50;386.50;524.27;524.27;378.64;490.38;441.18;461.54;378.64;470.59;403.85;495.15;495.15;407.77;441.18;490.38;436.89;495.15;436.89;461.54;470.59;495.15;403.85;529.41;403.85;470.59;436.89;403.85;411.76;461.54;436.89;470.59;461.54;407.77;436.89;466.02;466.02,137
382,1,0,199;301;405;508;610;714;816;920;1023;1125;1229;1332;1435;1538;1641;1744;1847;1950;2053;2157;2259;2362;2465;2568;2672;2774;2878;2981;3083;3187;3289;3393;3496;3598;3702;3805;3908;4011;4113;4217;4320;4423;4526;4630;4732;4835;4938;5041;5145;5247;5350;5454;5556;5660;5762;5866;5969;6071;6175;6278;6381;6484;6586;6690;6793;6896;6999;7103;7205;7308;7411;7514,18.41;23.48;24.49;26.23;25.31;26.33;25.21;26.84;25.21;26.95;24.80;26.74;24.80;26.74;24.60;26.95;24.70;27.26;24.49;27.15;24.39;27.26;24.29;27.88;24.39;27.57;24.49;28.30;24.70;28.09;24.49;28.61;24.49;28.50;24.49;27.88;24.29;27.36;24.19;27.26;24.29;27.05;24.39;27.05;24.90;27.77;26.12;29.24;28.30;29.77;28.92;30.30;29.66;29.56;30.30;29.56;30.62;29.45;31.48;29.34;31.15;29.13;31.91;29.24;31.69;28.92;32.45;29.13;32.02;28.92;32.13;29.24,0.00;0.00;0.00;0.00;0.00;0.00;0.00;0.00;0.00;0.10;0.83;1.70;2.45;2.93;3.73;4.96;5.77;6.73;7.52;9.01;10.41;11.41;12.66;16.79;50.30;127.38;190.31;228.80;251.81;262.15;258.81;256.92;258.75;266.46;266.25;267.78;285.12;315.48;357.54;423.26;496.32;604.12;750.40;939.30;1245.57;1736.43;2436.46;3323.58;4392.38;5226.35;5486.28;5422.78;5589.71;5794.07;5761.97;5557.38;5606.58;5850.59;5905.06;5707.30;5674.72;5928.69;6058.84;5902.34;5763.83;5947.64;6158.89;6102.48;5879.90;5937.01;6188.22;6266.44,530.30;470.59;576.92;611.65;500.00;605.77;588.24;634.62;524.27;470.59;634.62;553.40;466.02;553.40;588.24;490.38;553.40;582.52;611.65;490.38;500.00;582.52;495.15;524.27;519.23;500.00;553.40;576.92;558.82;519.23;588.24;519.23;466.02;529.41;490.38;582.52;466.02;553.40;558.82;576.92;553.40;582.52;524.27;466.02;495.15;582.52;495.15;436.89;548.08;500.00;466.02;403.85;500.00;519.23;411.76;490.38;466.02;441.18;548.08;466.02;436.89;495.15;529.41;403.85;495.15;495.15;495.15;432.69;441.18;407.77;524.27;436.89,139
383,2,0,9620;9781;9884;9987;10091;10193;10296;10400;10502;10606;10708;10811;10915;11017;11121;11224;11327;11430;11532;11636;11739;11842;11945;12048;12151;12254;12357;12460;12564;12666;12769;12872;12975;13079;13181;13284;13388;13490;13594;13697;13799;13903;14005;14109;14212;14315;14418;14521;14624;14727;14830;14933;15036;15139;15242;15346,22.98;24.09;25.61;25.61;25.92;25.82;25.61;26.02;25.61;25.41;25.10;26.02;25.31;25.92;25.00;26.02;24.90;26.33;25.21;26.43;25.31;26.95;25.21;27.26;25.41;27.46;25.72;27.98;26.33;29.34;27.67;30.19;28.30;31.58;28.82;32.02;28.71;32.13;28.82;32.45;28.61;32.56;28.92;33.00;28.61;32.13;28.19;31.91;28.19;30.83;27.67;30.83;27.88;30.09;27.67;29.66,0.00;0.00;11.58;15.00;9.32;12.36;13.80;21.72;76.26;162.27;219.83;250.14;265.41;264.92;263.86;265.93;264.78;265.82;265.40;271.92;293.92;328.25;377.27;443.13;521.38;623.63;760.43;995.59;1311.18;1772.07;2551.93;3550.02;4401.84;5016.67;5503.81;5719.61;5636.18;5444.11;5566.81;5811.74;5836.87;5649.85;5614.88;5837.80;5983.81;5859.06;5694.42;5831.88;6059.80;6057.15;5848.45;5841.00;6077.72;6207.59;6056.01;5903.43,14.99;518.52;490.38;705.88;490.38;470.59;524.27;519.23;500.00;519.23;617.65;611.65;519.23;558.82;519.23;524.27;553.40;553.40;529.41;576.92;524.27;524.27;553.40;558.82;576.92;495.15;582.52;466.02;553.40;524.27;436.89;495.15;495.15;432.69;441.18;495.15;461.54;441.18;403.85;441.18;466.02;461.54;411.76;403.85;524.27;436.89;436.89;407.77;466.02;466.02;466.02;436.89;524.27;407.77;436.89;432.69,139
384,3,0,17449;17612;17715;17819;17921;18025;18127;18230;18334;18436;18540;18643;18745;18849;18951;19055;19158;19260;19364;19467;19570;19673;19776;19879;19982;20085;20188;20291;20394;20497;20600;20703;20807;20909;21013;21116;21218;21322;21424;21528;21631;21733;21837;21940;22043;22146;22249;22352;22455;22558;22661,22.08;22.58;26.33;24.39;27.46;24.60;27.36;24.39;27.26;24.49;27.88;24.70;27.77;24.60;27.98;24.49;28.09;24.49;28.71;24.60;28.30;24.49;28.19;24.39;27.67;24.60;27.26;24.60;27.57;25.31;29.03;26.64;29.34;27.57;29.45;28.30;29.45;29.66;29.56;29.56;29.24;30.30;29.34;30.62;29.24;31.48;29.34;31.05;29.03;31.69;29.34,0.00;1.15;14.24;17.25;12.56;14.67;15.86;22.07;66.24;144.34;202.88;234.51;249.84;254.84;250.16;250.91;252.32;258.23;264.77;269.49;284.80;318.10;366.16;426.61;499.73;602.05;737.51;917.24;1224.57;1739.22;2491.54;3396.71;4386.17;5188.11;5520.67;5399.77;5334.35;5571.04;5779.51;5744.73;5563.52;5595.27;5830.66;5937.89;5784.71;5640.88;5806.07;6025.75;6017.08;5806.22;5792.71,17.99;644.17;582.52;490.38;617.65;553.40;524.27;611.65;490.38;617.65;519.23;495.15;617.65;576.92;500.00;634.62;553.40;558.82;576.92;529.41;576.92;553.40;553.40;524.27;436.89;524.27;582.52;466.02;436.89;495.15;495.15;436.89;432.69;441.18;576.92;470.59;495.15;432.69;470.59;432.69;466.02;411.76;490.38;524.27;407.77;436.89;411.76;461.54;495.15;407.77;407.77,139
385,4,0,24767;24928;25031;25134;25238;25340;25443;25546;25649;25753;25855;25958;26062;26164;26268;26370;26474;26577;26679;26783;26886;26989;27092;27194;27298;27401;27504;27607;27711;27813;27916;28019;28122;28226;28328;28431;28535;28637;28741,22.88;22.88;26.64;24.80;26.74;25.00;26.53;25.10;26.12;25.41;25.61;24.90;25.31;24.90;25.10;25.31;25.10;25.51;25.10;26.12;25.21;25.82;24.90;26.33;25.10;26.74;25.31;27.36;25.92;28.82;27.05;30.19;28.09;31.37;28.50;31.69;28.82;32.02;28.92,0.00;0.00;10.57;14.79;10.10;13.29;14.04;16.09;22.59;70.72;155.68;214.90;245.56;260.29;260.58;258.03;261.15;256.50;255.69;260.50;263.67;284.13;318.61;361.71;428.55;511.20;613.42;741.23;956.11;1282.06;1782.20;2544.03;3608.97;4567.33;5084.01;5368.06;5679.10;5872.76;5834.86,35.96;559.01;640.78;466.02;519.23;617.65;495.15;553.40;495.15;519.23;588.24;524.27;519.23;558.82;576.92;500.00;461.54;582.52;588.24;519.23;524.27;466.02;611.65;558.82;490.38;524.27;495.15;553.40;519.23;500.00;466.02;407.77;466.02;461.54;500.00;436.89;519.23;470.59;403.85,139
386,5,0,30844;31008;31110;31214;31316;31419;31523;31625;31729;31832;31935;32038;32140;32244;32347;32450;32553;32656;32759;32862;32965;33068;33172;33274;33377;33481;33583;33687;33789;33892;33996;34098,21.68;23.69;25.31;25.51;25.61;25.72;25.41;25.61;25.21;25.82;25.00;26.02;24.90;26.02;24.80;26.12;24.90;26.53;25.00;26.95;25.00;27.05;25.00;27.26;25.10;27.57;25.21;28.61;25.82;28.92;26.33;30.19,0.00;1.73;16.87;18.84;15.19;17.58;18.48;20.23;23.25;51.68;121.08;178.21;210.88;228.06;236.61;234.10;226.93;231.83;240.13;257.67;267.62;279.04;308.24;353.56;414.15;487.93;569.49;694.93;855.09;1119.58;1568.29;2231.10,74.96;603.66;588.24;634.62;529.41;611.65;634.62;558.82;490.38;611.65;524.27;524.27;529.41;490.38;524.27;553.40;582.52;582.52;611.65;611.65;524.27;553.40;553.40;524.27;495.15;605.77;529.41;490.38;558.82;495.15;548.08;529.41,139
398,1,0,195;298;401;504;608;710;813;917;1019;1123;1225;1329;1432;1534;1638;1741;1844;1947;2049;2153;2256;2359;2462;2566;2668;2771;2875;2977;3081;3183;3286;3390;3492;3596;3699;3802;3905;4008;4111;4214;4317;4420;4523;4626;4729;4833;4935;5039;5142;5244,21.28;22.48;25.31;24.19;25.31;24.39;25.00;24.90;24.70;24.90;24.39;25.00;24.29;25.31;24.19;25.41;23.99;25.82;24.09;26.53;24.19;26.53;24.09;27.26;24.39;27.67;24.60;28.09;25.21;29.24;26.12;30.51;27.15;30.83;27.26;30.62;27.05;29.66;26.43;29.13;26.74;28.71;27.46;28.30;27.98;28.19;28.71;28.19;29.87;28.92,1.95;10.19;11.12;8.47;10.71;12.37;14.67;35.39;107.77;180.74;223.86;244.46;251.54;244.58;243.32;248.63;252.68;257.46;258.20;267.18;291.16;325.44;377.43;450.59;529.53;641.01;797.60;1029.72;1348.22;1830.40;2556.57;3492.93;4336.14;4945.47;5411.77;5572.39;5423.35;5291.02;5511.51;5711.57;5683.74;5802.92;6369.36;6875.02;7016.20;7261.17;7959.47;8454.20;8524.40;8499.21,618.56;495.15;640.78;640.78;663.46;529.41;640.78;548.08;558.82;605.77;470.59;548.08;553.40;558.82;634.62;524.27;524.27;640.78;588.24;490.38;582.52;524.27;524.27;605.77;588.24;495.15;519.23;529.41;576.92;500.00;495.15;490.38;529.41;519.23;466.02;500.00;519.23;470.59;519.23;524.27;524.27;436.89;436.89;553.40;524.27;403.85;500.00;495.15;461.54;411.76,144
399,2,0,7349;7862;8419;8521;8625;8727;8830;8934;9036;9140;9243;9345;9449;9552;9655;9758;9861;9964;10067;10170;10273;10377;10479;10582;10686;10788;10892;10994;11098;11201;11303;11407;11510;11613;11716;11818;11922;12025;12128;12231;12335;12437;12540;12644;12746;12850;12953;13055;13159;13261;13365;13468;13570;13674;13777;13880;13983;14087,18.51;20.29;23.38;22.18;24.70;22.48;24.39;23.18;24.39;23.89;24.29;24.49;24.49;24.70;24.39;25.31;24.60;25.51;24.70;26.53;25.21;27.77;26.33;28.92;27.26;30.30;27.36;31.05;27.67;30.83;27.26;32.02;27.88;31.91;27.46;30.72;27.46;29.87;26.74;28.92;26.33;28.61;27.36;29.03;28.19;28.50;29.34;28.61;29.56;28.30;30.30;28.40;30.30;28.50;31.05;28.30;30.83;28.09,0.00;112.28;192.07;222.44;241.37;251.42;247.03;245.40;249.70;248.78;253.87;257.38;268.41;296.64;335.05;386.22;458.47;551.05;676.98;836.29;1109.79;1527.91;2178.45;3075.68;4227.89;5330.28;5955.36;6297.66;6955.98;7673.32;8065.92;8198.13;8558.38;9161.74;9557.60;9682.09;9738.09;10102.45;10554.69;10808.36;10747.89;10569.36;10744.45;11080.36;11227.13;11108.87;10972.05;11130.04;11410.42;11556.74;11451.31;11295.40;11422.04;11657.74;11712.61;11514.87;11428.26;11706.91,7.50;573.10;554.76;617.65;490.38;558.82;466.02;576.92;588.24;490.38;640.78;529.41;576.92;611.65;669.90;466.02;495.15;495.15;640.78;495.15;495.15;605.77;470.59;495.15;495.15;495.15;432.69;500.00;495.15;461.54;529.41;461.54;436.89;436.89;378.64;441.18;461.54;466.02;407.77;495.15;436.89;378.64;436.89;403.85;441.18;403.85;466.02;441.18;432.69;500.00;461.54;378.64;411.76;403.85;436.89;466.02;436.89;461.54,144
400,3,0,16190;16353;16456;16560;16662;16765;16869;16971;17075;17178;17280;17384;17486;17590;17693;17796;17899;18002;18105;18208;18311;18414;18517;18620;18723;18827;18929;19032;19136;19238;19342;19444;19548;19651;19753;19857;19960;20063;20166;20269;20372;20475;20578;20681;20785;20887;20990;21094;21196;21300;21403;21505;21609;21711;21815;21918;22021;22124;22227;22330;22433,19.10;22.48;23.69;25.31;24.39;25.21;23.89;25.92;23.89;25.51;23.89;25.92;23.89;26.23;23.69;26.33;23.79;26.74;23.89;26.84;23.89;27.05;23.79;27.88;24.09;28.09;24.49;27.67;24.80;28.30;25.61;28.61;25.92;28.09;26.95;28.61;27.57;28.61;28.30;28.71;29.03;28.19;29.77;28.30;30.72;27.98;30.19;28.09;30.62;27.98;30.94;27.88;31.05;27.46;31.37;27.67;31.48;27.46;30.94;27.26;30.09,0.00;0.00;10.03;14.32;11.05;13.64;15.96;29.59;90.98;164.08;214.06;238.59;248.33;242.61;237.89;243.58;249.71;257.65;259.64;269.04;300.13;347.98;400.80;462.16;556.04;689.03;840.88;1111.83;1536.09;2127.66;2880.70;3850.81;4858.45;5521.49;5845.18;6329.41;6793.04;7023.36;7041.65;7159.09;7542.17;7752.38;7626.48;7530.47;7878.94;8378.89;8672.59;9051.99;9602.29;9954.73;10030.24;9892.26;9914.67;10189.27;10411.57;10378.60;10208.08;10333.83;10654.41;10782.06;10680.40,16.49;588.96;524.27;548.08;558.82;640.78;490.38;588.24;548.08;553.40;558.82;490.38;529.41;461.54;611.65;588.24;519.23;640.78;582.52;524.27;524.27;611.65;495.15;553.40;466.02;605.77;529.41;466.02;582.52;466.02;548.08;558.82;548.08;436.89;470.59;403.85;553.40;466.02;553.40;411.76;490.38;466.02;436.89;466.02;461.54;470.59;553.40;403.85;441.18;490.38;495.15;411.76;403.85;470.59;519.23;466.02;378.64;466.02;436.89;495.15;436.89,144
401,4,0,24538;24700;24803;24906;25010;25112;25215;25319;25421;25525;25628;25730;25834;25936;26040;26143;26246;26349;26452;26555;26658;26761;26864;26967;27070;27173;27277;27379;27483;27586;27688;27792;27894;27998;28101;28203;28307;28410;28513;28616;28720;28822;28925;29028;29131;29235;29337;29440;29544;29646;29750;29852;29956,18.21;20.79;25.21;22.98;26.12;23.38;26.23;23.18;26.74;23.28;27.05;23.48;26.84;23.38;26.12;23.08;25.41;22.78;25.21;22.78;24.80;23.08;24.70;23.69;24.90;24.49;24.90;25.00;25.41;26.84;26.74;28.19;28.19;30.30;28.40;30.40;27.98;30.51;27.57;31.15;27.88;31.15;28.09;31.26;27.67;31.37;27.36;31.48;27.36;31.37;27.36;29.77;26.64,0.00;0.00;11.33;12.12;6.91;9.42;10.45;12.65;30.37;100.62;175.87;221.98;245.33;252.95;247.17;249.01;253.59;256.99;258.06;258.77;273.16;314.53;367.31;437.82;518.47;609.56;743.14;908.35;1203.90;1645.77;2353.30;3223.05;4197.26;5270.96;6166.27;6763.04;7362.78;8139.74;8730.37;9025.60;9312.45;9803.29;10191.55;10309.24;10161.10;10075.78;10268.70;10471.21;10402.28;10163.32;10149.96;10380.20;10525.89,27.00;533.74;669.90;611.65;461.54;617.65;611.65;490.38;617.65;548.08;495.15;617.65;548.08;558.82;519.23;553.40;495.15;582.52;553.40;553.40;553.40;553.40;553.40;582.52;524.27;495.15;548.08;500.00;432.69;529.41;466.02;461.54;529.41;490.38;582.52;411.76;432.69;466.02;495.15;466.02;470.59;403.85;495.15;466.02;407.77;432.69;411.76;466.02;490.38;411.76;432.69;441.18;495.15,144
402,5,0,32060;32223;32326;32428;32532;32634;32738;32841;32944;33047;33150;33253;33356;33460;33562;33665;33768;33871;33975;34077;34181;34284;34386;34490;34592;34696;34799;34901;35005;35108;35211;35314;35416;35520;35623;35726;35829;35933;36035;36138;36242;36344;36448;36550;36653;36757;36859;36963;37066;37169;37272;37374;37478;37581;37684;37787;37890;37993;38096;38200;38302;38406;38508;38611;38715;38817;38921;39024;39126;39230;39332;39436;39539;39642;39745;39848;39951;40054;40158;40260;40363;40466;40569;40673;40775;40879;40982;41084;41188;41290;41394;41497;41599;41703;41806;41909,21.88;25.00;23.28;26.12;23.48;26.23;23.28;26.53;23.38;27.15;23.79;27.05;23.59;27.26;23.59;27.05;23.48;26.64;23.38;26.12;23.18;25.72;22.88;25.10;22.78;25.31;23.79;25.61;25.00;26.33;26.33;27.36;28.50;28.40;28.82;28.82;29.45;28.30;29.66;27.88;29.66;27.67;30.09;27.88;30.19;28.19;30.72;27.77;30.83;27.77;30.94;27.57;31.91;27.77;31.58;27.67;32.45;27.98;30.62;27.05;29.87;26.74;29.13;26.43;29.13;27.26;28.50;27.98;28.50;28.19;28.61;29.03;28.30;29.34;28.09;29.77;28.61;29.98;27.98;30.83;28.09;30.40;27.77;31.48;27.88;30.83;27.46;31.05;27.88;31.15;27.36;31.37;27.46;31.05;27.46;30.51,0.00;0.00;9.71;13.29;8.13;10.88;12.04;16.02;50.38;131.40;195.04;225.90;244.80;248.28;240.40;243.96;251.20;257.55;261.79;266.89;286.55;313.59;354.39;429.73;527.87;625.19;774.43;1018.68;1371.40;1883.78;2717.39;3724.64;4536.76;5140.30;5531.06;5607.62;5402.47;5361.06;5628.93;5765.62;5772.36;6222.70;7100.41;7694.01;7774.83;7897.96;8326.73;8648.66;8641.85;8587.30;8840.55;9124.74;9168.84;9043.46;9171.45;9506.24;9698.79;9657.64;9856.33;10350.94;10663.40;10609.32;10437.26;10596.17;10888.13;11021.78;10927.61;10882.59;11106.29;11333.04;11317.56;11097.60;11153.82;11543.27;10906.41;12040.75;10089.00;10340.84;10626.36;10737.55;10529.74;10265.36;11280.17;10389.75;9379.45;12158.78;11190.56;10195.26;10992.37;10538.36;10233.55;10406.83;10159.03;10438.74;10521.34;10347.14,6.00;588.96;582.52;500.00;576.92;553.40;640.78;553.40;611.65;669.90;582.52;553.40;495.15;576.92;500.00;582.52;611.65;611.65;605.77;529.41;634.62;553.40;588.24;605.77;529.41;548.08;495.15;558.82;519.23;553.40;553.40;582.52;441.18;548.08;436.89;553.40;524.27;490.38;558.82;582.52;466.02;495.15;519.23;529.41;436.89;461.54;470.59;519.23;495.15;407.77;436.89;529.41;490.38;466.02;378.64;466.02;524.27;524.27;378.64;466.02;466.02;519.23;441.18;407.77;461.54;470.59;490.38;436.89;441.18;490.38;529.41;461.54;378.64;411.76;403.85;436.89;407.77;378.64;432.69;470.59;466.02;407.77;436.89;432.69;441.18;466.02;432.69;382.35;403.85;529.41;432.69;436.89;411.76;403.85;436.89;436.89,144
403,1,0,162;266;369;472;575;678;781;884;987;1090;1194;1296;1399;1503;1605;1709;1812;1914;2018;2120;2224;2327;2429;2533;2636;2739;2842;2946;3048;3151;3254;3357;3461;3563;3666;3770;3872;3976;4079;4182;4285;4387;4491;4594;4697;4800;4903;5006;5109;5213;5315;5419;5522;5624;5728;5830;5934;6037;6139;6243;6346;6449;6552;6656;6758;6861;6964;7067;7171;7273;7376;7480;7582;7686;7789;7891;7995;8097;8201;8304;8407;8510;8613;8716;8819;8923;9025;9128;9232;9334;9438;9540;9644;9747;9849;9953;10056;10159;10262;10365;10468;10571;10675,19.60;21.58;25.51;23.28;26.74;23.48;26.74;23.48;26.74;23.28;26.95;23.08;27.26;23.18;25.61;23.08;25.10;22.58;24.90;23.28;24.39;23.99;24.49;24.39;24.49;25.10;24.60;25.61;24.39;25.92;24.60;27.15;25.51;27.98;26.33;29.66;27.46;31.26;27.88;31.69;28.09;31.69;27.77;31.48;27.57;30.51;27.15;29.66;26.95;29.03;27.15;28.82;28.19;28.61;28.82;28.40;29.45;28.30;29.87;28.92;30.51;28.19;31.48;28.19;31.05;27.98;32.23;28.09;31.91;27.77;31.80;27.88;31.26;27.46;30.72;27.15;29.45;26.64;28.82;27.57;28.71;28.40;28.50;28.92;28.40;29.45;28.30;30.09;28.30;30.51;28.19;31.58;28.09;31.69;28.09;31.48;27.98;31.69;27.57;31.48;27.36;29.87;27.15,0.00;2.65;7.86;0.00;2.66;2.92;4.60;5.89;8.54;11.07;12.96;16.57;48.98;125.27;189.46;227.33;249.14;265.23;269.28;258.95;247.47;246.59;255.68;256.68;262.06;292.48;334.30;377.04;448.16;536.74;639.60;794.66;1053.24;1482.25;2069.24;2792.28;3726.12;4607.02;5048.89;5379.56;5730.26;5858.46;5658.95;5487.74;5674.12;5899.85;5829.50;5728.84;5965.64;6333.54;6479.46;6543.19;7006.47;7572.50;7777.38;7670.33;7716.85;8079.09;8328.84;8277.23;8208.20;8453.11;8795.14;8888.83;8774.23;8894.42;9260.93;9476.96;9397.22;9335.42;9579.19;9936.61;10059.32;9995.81;10310.13;10854.08;11136.18;11121.59;10975.08;11145.29;11499.04;11709.89;11672.07;11601.61;11853.31;12214.48;12328.34;12154.00;12086.39;12333.77;12605.42;12660.02;12466.10;12416.89;12708.23;12990.25;13045.09;12855.26;12836.38;13158.15;13464.07;13514.33;13320.50,540.37;605.77;466.02;699.03;611.65;669.90;495.15;699.03;640.78;553.40;524.27;699.03;699.03;548.08;617.65;605.77;611.65;617.65;692.31;676.47;519.23;553.40;617.65;692.31;582.52;582.52;582.52;699.03;553.40;611.65;582.52;669.90;576.92;676.47;582.52;519.23;529.41;548.08;524.27;524.27;582.52;617.65;519.23;495.15;553.40;553.40;582.52;436.89;582.52;548.08;588.24;461.54;441.18;553.40;576.92;529.41;461.54;524.27;588.24;576.92;407.77;466.02;582.52;576.92;470.59;466.02;495.15;466.02;576.92;470.59;436.89;576.92;529.41;461.54;378.64;529.41;490.38;588.24;403.85;407.77;553.40;466.02;495.15;407.77;466.02;461.54;588.24;466.02;403.85;411.76;519.23;441.18;461.54;466.02;470.59;461.54;466.02;466.02;407.77;407.77;466.02;582.52;403.85,145
404,2,0,12778;12942;13044;13148;13251;13354;13457;13559;13663;13766;13869;13972;14075;14178;14281;14385;14487;14591;14693;14796;14900;15002;15106;15209;15311;15415;15518;15621;15724;15827;15930;16033;16136;16239;16343;16445;16548;16652;16754;16858;16961;17063;17167;17270;17373;17476;17579;17682;17785;17888;17991;18095;18197;18300;18404;18506;18610;18713;18816;18919;19021;19125;19228;19331;19434;19537;19640;19743;19847;19949;20053;20156;20258;20362;20464;20568;20671;20773;20877;20980;21083;21186;21290;21392;21495;21599;21701;21805;21907;22010;22114;22216;22320;22423;22525;22629;22732;22835;22938;23042;23144;23247;23351;23453;23557;23659;23762;23866;23968;24072;24175,17.52;24.90;22.48;26.64;22.98;27.05;22.98;26.43;23.08;25.00;22.58;24.49;23.59;24.29;24.19;24.29;24.39;24.19;25.00;24.29;25.72;24.19;26.02;24.29;26.95;24.90;27.57;25.31;29.13;26.74;30.30;27.57;31.58;27.67;31.58;27.46;30.30;27.15;29.66;26.64;28.61;27.57;28.61;28.19;28.40;29.24;28.50;29.66;28.09;30.19;28.09;31.26;28.19;30.83;27.77;31.15;27.77;31.48;27.67;31.37;27.15;30.83;27.46;29.87;26.64;29.03;27.05;28.71;27.88;28.30;28.50;28.50;29.13;28.19;29.87;28.50;30.30;28.19;30.62;28.09;31.80;28.09;31.26;27.77;31.91;27.67;31.58;27.46;30.62;27.05;30.30;26.74;29.66;27.36;28.50;27.98;28.40;28.82;28.30;29.87;28.40;29.98;28.19;30.19;27.67;30.40;27.77;30.83;27.77;31.15;27.67,0.00;0.00;8.27;15.00;12.02;16.58;27.09;80.87;156.05;206.86;234.38;249.96;250.33;244.85;248.16;249.76;256.10;262.99;265.46;286.40;323.49;369.88;432.04;520.42;630.36;771.00;1011.41;1362.65;1852.64;2595.53;3622.55;4513.84;5011.58;5394.94;5694.34;5699.75;5449.39;5429.66;5715.79;5787.78;5547.79;5502.10;5792.33;5898.98;5659.71;5586.08;5873.81;6006.73;5774.65;5673.84;5946.08;6110.82;5884.93;5735.82;5997.08;6244.35;6202.98;6257.96;6717.97;7167.48;7261.51;7351.41;7961.38;8526.90;8622.51;8476.98;8571.81;8888.08;8977.83;8766.53;8658.06;8912.99;9156.33;9044.89;8834.81;8966.59;9255.42;9254.03;8975.00;8927.14;9207.96;9388.53;9216.95;9104.91;9421.16;9862.26;10046.61;10046.91;10316.26;10788.01;11083.74;11063.87;11013.57;11336.19;11688.04;11782.99;11583.36;11534.14;11833.54;12147.89;12177.67;12044.77;12152.86;12496.81;12762.55;12724.86;12538.57;12633.58;12903.87;13087.93;12991.46,14.99;530.49;617.65;432.69;699.03;705.88;548.08;617.65;548.08;669.90;611.65;582.52;669.90;669.90;524.27;663.46;647.06;611.65;669.90;553.40;692.31;647.06;605.77;611.65;647.06;605.77;640.78;640.78;582.52;588.24;576.92;553.40;553.40;495.15;634.62;529.41;524.27;548.08;500.00;634.62;495.15;558.82;548.08;524.27;553.40;436.89;640.78;582.52;524.27;495.15;582.52;634.62;529.41;495.15;605.77;588.24;548.08;436.89;553.40;524.27;588.24;432.69;495.15;553.40;524.27;524.27;436.89;524.27;548.08;529.41;436.89;490.38;588.24;490.38;529.41;519.23;524.27;588.24;490.38;407.77;524.27;582.52;524.27;436.89;436.89;548.08;588.24;461.54;470.59;466.02;576.92;529.41;403.85;466.02;588.24;461.54;466.02;407.77;466.02;605.77;470.59;466.02;466.02;466.02;519.23;529.41;407.77;403.85;500.00;461.54;582.52,145
405,3,0,26279;26442;26545;26648;26751;26854;26957;27060;27163;27267;27369;27472;27575;27678;27782;27884;27987;28091;28193;28297;28400;28503;28606;28708;28812;28915;29018;29121;29224;29327;29430;29533;29636;29740;29842;29945;30049;30151;30255;30358;30460;30564;30666;30770;30873;30976;31079;31182;31285;31388;31492;31594;31697;31800;31903;32007;32109;32213;32316;32418;32522;32625;32728;32831;32933;33037;33140;33243;33346;33450;33552;33655;33759;33861;33965;34067;34170;34274,21.78;24.29;23.69;25.61;23.99;25.72;23.59;25.82;23.79;26.53;23.99;26.53;23.79;26.53;23.79;27.05;23.59;27.15;23.69;27.26;23.79;27.67;23.89;27.15;23.89;26.84;24.09;26.84;24.70;28.09;26.12;29.03;27.57;28.61;28.19;28.40;28.82;28.71;29.34;28.19;29.56;27.98;29.77;27.98;30.40;27.98;31.05;27.98;31.05;27.88;31.15;27.57;31.69;28.19;31.80;27.57;31.58;27.46;30.72;27.15;29.56;26.53;29.34;26.95;28.61;27.98;28.71;28.30;28.19;28.61;28.82;29.77;28.30;29.77;27.98;29.77;28.19;30.94,0.00;0.00;8.03;14.60;11.61;15.91;29.27;87.96;160.18;208.75;235.85;249.72;248.78;243.83;245.98;248.56;257.05;260.43;264.36;291.34;328.88;375.13;447.01;544.20;663.24;808.28;1053.57;1459.60;2026.40;2772.06;3820.76;4706.89;5114.78;5392.19;5684.35;5736.74;5505.72;5449.55;5770.11;6061.78;6083.64;6202.12;6704.99;7205.42;7582.70;8074.89;8685.27;9059.88;9102.51;8977.79;9140.24;9545.06;9803.72;9949.84;10448.76;11089.16;11489.33;11554.31;11444.72;11648.08;12060.51;12340.62;12302.70;12255.89;12664.69;13146.60;13227.35;12828.32;12490.25;12678.30;12971.03;13000.04;12696.15;12537.23;12751.25;13022.81;13031.96;12781.90,14.99;607.36;669.90;524.27;647.06;663.46;611.65;495.15;699.03;634.62;647.06;669.90;553.40;640.78;634.62;588.24;699.03;692.31;500.00;692.31;705.88;519.23;611.65;558.82;634.62;495.15;699.03;582.52;582.52;582.52;582.52;640.78;495.15;548.08;588.24;582.52;605.77;558.82;519.23;640.78;529.41;461.54;588.24;576.92;524.27;466.02;524.27;640.78;582.52;436.89;461.54;588.24;582.52;466.02;407.77;519.23;529.41;524.27;432.69;411.76;519.23;524.27;524.27;378.64;382.35;519.23;524.27;495.15;407.77;436.89;466.02;582.52;461.54;470.59;403.85;470.59;582.52;461.54,145
406,4,0,36377;36541;36643;36747;36849;36953;37056;37158;37262;37365;37468;37571;37675;37777;37880;37983;38086;38190;38292;38395;38499;38601;38705;38807;38911;39014;39116;39220;39323;39426;39529;39631;39735;39838;39941;40044;40147;40250;40353;40457;40559;40663;40765;40868;40972;41074;41178;41281;41383;41487;41590;41693;41796;41899;42002;42105;42208;42311;42415;42517;42620;42724;42826;42930;43032;43136;43239;43341;43445;43548;43651;43754;43857;43960;44063;44166;44269;44373;44475;44578;44682;44784;44888;44991;45093;45197;45299;45403;45506;45608;45712;45815;45918;46021;46124;46227;46330;46433;46536,18.51;23.18;23.59;24.80;24.80;24.90;24.80;24.60;24.80;24.09;25.00;24.09;25.31;24.09;25.21;23.89;26.12;24.09;26.02;23.99;26.33;23.99;26.53;24.09;27.57;24.70;28.50;25.21;29.45;26.23;30.30;26.74;31.26;27.46;30.62;27.05;30.62;26.95;29.34;26.53;28.71;27.15;28.40;27.67;27.98;28.61;28.09;28.92;28.09;29.24;28.40;29.66;28.09;30.40;28.40;30.51;27.88;31.05;27.98;30.94;27.98;31.15;27.57;31.69;27.46;32.23;27.67;31.48;27.26;30.51;26.95;29.66;26.64;29.66;26.74;28.61;27.46;28.30;28.30;28.50;29.13;28.50;29.34;28.19;29.56;28.09;29.87;27.98;30.19;28.09;30.72;27.98;30.83;28.19;30.94;27.77;31.26;27.88;31.91,0.00;0.00;6.81;13.79;10.68;14.75;23.57;74.21;149.92;202.14;230.36;247.23;249.62;243.00;244.95;247.03;253.72;258.98;259.99;281.05;310.58;352.44;417.11;511.18;615.98;742.52;945.94;1278.38;1725.41;2450.33;3443.66;4303.84;4865.69;5347.28;5604.60;5497.04;5290.75;5447.93;5699.10;5668.03;5636.65;5995.46;6506.96;6647.96;6498.00;6484.35;6572.25;6496.83;6365.29;6658.47;7139.94;7445.92;7566.21;7982.84;8512.22;8739.18;8609.65;8531.26;8777.97;9041.52;9026.78;8916.15;9130.82;9498.83;9659.75;9607.52;9877.96;10418.25;10746.61;10710.86;10708.33;11103.34;11563.74;11739.47;11582.06;11598.35;11967.00;12227.20;12237.49;12113.19;12212.98;12549.84;12760.93;12656.38;12504.35;12676.39;12931.51;13028.89;12844.37;12643.95;12866.29;13181.23;13276.00;13145.23;13083.64;13299.76;13518.39;13496.48;13201.56,95.95;603.66;764.71;461.54;699.03;640.78;699.03;529.41;663.46;582.52;640.78;611.65;519.23;676.47;640.78;611.65;699.03;634.62;647.06;699.03;634.62;588.24;692.31;588.24;611.65;548.08;676.47;576.92;582.52;582.52;699.03;588.24;490.38;524.27;611.65;640.78;466.02;582.52;640.78;576.92;529.41;605.77;588.24;582.52;519.23;529.41;576.92;611.65;529.41;519.23;582.52;640.78;466.02;495.15;495.15;582.52;553.40;466.02;519.23;588.24;524.27;432.69;500.00;519.23;588.24;519.23;466.02;470.59;576.92;524.27;436.89;466.02;524.27;582.52;466.02;436.89;466.02;436.89;582.52;466.02;461.54;500.00;519.23;529.41;407.77;432.69;529.41;548.08;466.02;441.18;403.85;524.27;524.27;495.15;407.77;466.02;495.15;524.27;466.02,145
407,5,0,48641;48803;48907;49009;49113;49215;49318;49422;49524;49628;49731;49834;49937;50040;50143;50246;50349;50452;50555;50658;50761;50865;50967;51071;51173;51276;51380;51482;51586;51689;51791;51895;51997;52101;52204;52306;52410;52513;52616;52719;52823;52925;53028;53131;53234;53338;53440;53543;53647;53749;53853;53955;54059;54162;54264;54368;54471;54574;54677;54779;54883;54986;55089;55192;55296;55398;55501;55605;55707;55811;55913;56016;56120;56222;56326;56429;56531;56635;56738;56841;56944;57047;57150;57253;57356;57459,19.99;21.78;25.31;23.89;26.12;23.79;26.43;23.79;26.43;23.89;27.05;23.89;27.05;23.89;27.26;23.79;27.15;23.79;27.88;23.89;27.98;23.89;27.36;23.79;26.64;23.89;26.84;24.29;27.36;25.31;28.61;26.84;28.82;27.15;29.03;28.09;28.30;29.03;28.50;29.34;28.19;29.77;28.30;30.30;27.98;29.98;27.67;30.19;27.77;31.26;27.88;30.83;27.77;30.83;27.57;31.26;27.88;32.23;27.67;31.91;27.46;30.72;27.05;30.09;26.64;29.24;26.53;29.03;26.53;28.30;27.26;28.09;28.09;28.30;28.40;28.71;29.24;28.30;29.45;27.88;29.87;27.98;30.83;28.19;30.40;27.88,0.00;0.00;7.89;12.95;8.72;13.92;26.44;84.85;159.45;208.64;236.59;252.17;253.38;248.53;250.53;254.16;259.55;259.61;258.96;281.17;312.63;359.70;431.37;529.74;641.40;772.16;1002.58;1349.60;1841.43;2641.25;3660.29;4464.50;4976.01;5413.03;5639.07;5505.65;5311.97;5519.05;5763.57;5655.32;5520.75;5822.28;6241.80;6407.69;6542.53;7090.40;7907.80;8391.00;8585.91;8979.49;9374.74;9528.78;9417.95;9465.87;9946.67;10480.37;10588.15;10551.68;10861.79;11308.52;11489.46;11346.52;11353.74;11678.65;11961.73;11958.61;11777.40;11883.58;12248.04;12469.68;12330.52;12201.68;12431.16;12767.53;12873.41;12721.38;12679.94;12954.79;13195.71;13206.07;12960.42;12928.24;13231.83;13472.70;13377.02;13095.01,79.46;740.74;663.46;588.24;576.92;705.88;611.65;548.08;647.06;692.31;611.65;588.24;663.46;617.65;576.92;611.65;640.78;524.27;669.90;553.40;699.03;634.62;617.65;699.03;524.27;699.03;576.92;705.88;519.23;582.52;558.82;576.92;558.82;490.38;582.52;588.24;576.92;582.52;553.40;553.40;553.40;524.27;640.78;524.27;524.27;576.92;529.41;582.52;519.23;470.59;576.92;588.24;432.69;436.89;529.41;576.92;524.27;466.02;466.02;529.41;519.23;495.15;407.77;495.15;519.23;529.41;466.02;461.54;441.18;576.92;470.59;466.02;461.54;529.41;519.23;466.02;470.59;461.54;407.77;582.52;466.02;407.77;466.02;466.02;582.52;407.77,145
408,1,0,138;241;345;447;551;654;756;860;963;1066;1169;1272;1375;1478;1582;1684;1788;1891;1993;2097;2200;2303;2406;2509;2612;2715;2818;2921;3024;3127;3230;3334;3436;3540;3643;3745;3849;3952;4055;4158;4261;4364;4467;4571;4673;4777;4880;4982;5086;5189;5292;5395;5498;5601;5704,16.14;23.89;23.38;25.51;24.60;24.80;25.31;24.49;25.72;24.29;26.64;24.29;26.53;24.09;27.05;23.89;27.36;23.79;27.46;23.69;25.82;23.18;25.00;24.19;24.70;25.31;25.00;26.74;25.72;28.50;27.15;30.83;27.46;31.26;27.57;32.67;27.88;30.30;26.95;29.24;27.36;28.71;28.50;28.30;29.66;28.50;30.40;28.09;30.94;27.98;31.48;28.19;32.89;27.98;31.58,0.00;0.22;10.77;5.99;9.04;15.66;56.97;135.44;191.70;222.17;242.96;254.52;250.31;247.74;249.76;249.18;252.70;251.60;257.70;278.52;303.77;347.27;405.34;473.11;562.23;678.70;846.27;1121.42;1580.64;2265.84;3021.79;4051.96;5179.40;5953.35;6408.31;6922.12;7473.53;7779.40;7838.46;8077.32;8625.99;8994.58;9050.17;9036.72;9461.00;10060.67;10383.59;10403.17;10645.40;11240.80;11713.57;11865.80;11794.03;12034.79;12511.22,547.45;582.52;519.23;617.65;611.65;605.77;500.00;490.38;553.40;495.15;553.40;553.40;611.65;553.40;519.23;617.65;495.15;576.92;558.82;490.38;553.40;524.27;553.40;495.15;553.40;466.02;640.78;524.27;553.40;553.40;495.15;490.38;500.00;490.38;466.02;470.59;461.54;466.02;524.27;466.02;466.02;436.89;524.27;403.85;470.59;432.69;436.89;529.41;461.54;466.02;466.02;466.02;407.77;466.02;466.02,146
409,2,0,7809;7972;8075;8178;8282;8384;8488;8590;8693;8797;8899;9003;9106;9208;9312;9415;9518;9621;9725;9827;9930;10034;10136;10240;10343;10445;10549;10652;10755;10858;10962;11064;11167;11271;11373;11477;11580;11682,19.10;22.68;24.29;24.90;24.39;25.72;24.19;25.92;23.89;26.53;23.99;26.95;23.99;27.46;23.79;27.88;23.89;26.23;23.38;25.51;23.48;24.70;24.29;24.60;25.72;24.80;26.43;25.31;27.98;26.12;29.87;27.05;31.26;27.77;31.48;27.67;30.51;26.84,0.00;0.00;6.30;11.69;7.70;11.84;28.02;90.27;159.71;205.87;233.57;249.42;251.67;244.51;246.30;247.08;250.51;254.05;255.83;271.67;301.09;341.29;389.95;457.17;551.21;661.76;790.17;1045.30;1475.20;2086.39;2894.64;4182.41;5803.03;7209.32;8173.05;8992.19;9806.22;10391.21,20.99;625.77;466.02;466.02;548.08;617.65;548.08;524.27;588.24;548.08;558.82;576.92;553.40;441.18;519.23;640.78;495.15;553.40;519.23;588.24;524.27;519.23;617.65;461.54;640.78;558.82;576.92;640.78;495.15;582.52;466.02;466.02;495.15;432.69;441.18;432.69;495.15;441.18,146
410,3,0,13787;14301;14857;14960;15064;15166;15269;15373;15475;15579;15682;15785;15888;15991;16094;16197;16301;16403;16506;16610;16712;16816;16918;17022;17125;17227;17331;17434;17537,18.90;24.39;24.60;23.79;25.92;24.19;26.74;23.99;27.15;23.99;27.46;23.99;27.46;23.89;26.74;23.38;25.72;23.18;24.90;24.39;25.21;25.72;25.92;27.67;26.53;29.66;27.46;30.09;27.36,0.00;-4400.20;157.26;188.58;209.51;226.05;236.31;233.43;230.33;235.92;241.21;254.44;258.71;268.66;296.88;333.35;387.66;450.04;529.51;640.63;781.55;992.81;1452.26;2393.78;3728.42;5266.70;6912.41;8404.84;9434.12,10.49;571.98;528.78;553.40;519.23;617.65;582.52;576.92;558.82;519.23;582.52;553.40;466.02;553.40;611.65;582.52;605.77;617.65;553.40;576.92;500.00;519.23;558.82;548.08;524.27;470.59;461.54;466.02;495.15,146
411,4,0,19641;19805;19908;20011;20114;20217;20320;20423;20527;20629;20733;20836;20938;21042;21145;21248;21351;21453;21557;21660;21763;21866;21970;22072;22175;22279;22381;22485;22588;22690;22794;22897;23000;23103;23207;23309;23412;23516;23618;23722;23825;23927;24031;24134;24237;24340;24444;24546;24649;24753;24855,18.51;25.10;22.78;26.74;24.19;25.92;24.80;25.31;24.80;24.39;25.31;24.19;25.82;23.99;26.43;23.89;26.95;23.99;27.36;23.99;27.98;23.79;26.64;23.48;25.61;24.09;25.51;25.51;25.72;27.36;26.74;29.56;27.46;30.51;27.77;31.05;27.36;31.48;27.57;30.72;26.95;29.34;27.46;28.71;28.40;28.61;29.56;28.19;30.19;28.09;30.83,0.00;0.00;7.98;13.19;9.65;12.99;21.41;66.96;133.78;182.77;210.44;225.77;234.97;229.62;224.26;229.20;236.80;249.99;258.47;273.26;306.44;349.29;404.49;471.20;563.35;677.25;831.61;1075.76;1434.62;1964.34;2834.10;4023.22;5110.04;6044.69;7108.68;8072.36;8701.46;9100.11;9710.75;10371.91;10771.01;10851.02;10830.52;11013.60;11241.25;11244.45;10946.23;10965.98;11589.33;12235.67;12220.77,7.50;621.95;553.40;611.65;553.40;495.15;582.52;466.02;634.62;500.00;576.92;640.78;529.41;605.77;553.40;524.27;582.52;558.82;519.23;495.15;582.52;669.90;582.52;553.40;524.27;519.23;529.41;548.08;524.27;529.41;461.54;524.27;495.15;466.02;436.89;466.02;407.77;519.23;500.00;403.85;436.89;470.59;461.54;466.02;436.89;495.15;495.15;407.77;466.02;432.69;470.59,146
412,5,0,26960;27123;27226;27329;27433;27535;27638;27742;27844;27948;28051;28153;28257;28360;28463;28566;28670;28772;28875;28979;29081;29185;29288;29390;29494;29597;29700;29803;29907;30009;30112;30216;30318;30422;30525;30627;30731;30834;30937;31040;31144;31246;31349;31453,17.82;20.19;25.92;22.88;27.15;23.59;26.43;24.49;25.00;24.09;24.49;25.00;24.09;25.51;24.09;26.02;23.99;26.84;24.09;27.57;23.99;27.46;23.89;27.46;23.79;26.12;23.69;26.02;25.31;27.15;27.57;27.15;29.34;27.88;30.09;27.67;30.62;27.67;31.26;27.77;32.34;27.77;31.05;27.15,0.00;0.00;5.24;11.82;6.96;10.45;23.16;81.13;153.93;203.78;232.54;248.69;250.99;244.11;247.15;249.20;252.05;256.95;258.05;274.21;308.89;350.64;400.85;484.24;587.89;707.91;869.65;1156.14;1554.12;2145.85;3093.77;4298.86;5537.55;6949.06;8460.62;9558.02;10091.40;10371.12;10914.48;11546.22;11944.69;12065.12;12210.87;12539.67,37.48;644.17;548.08;617.65;519.23;617.65;524.27;605.77;558.82;605.77;611.65;558.82;490.38;524.27;553.40;553.40;490.38;617.65;524.27;576.92;617.65;576.92;524.27;617.65;490.38;524.27;582.52;524.27;548.08;529.41;524.27;576.92;470.59;432.69;495.15;470.59;490.38;495.15;466.02;436.89;403.85;382.35;436.89;432.69,146
426,1,0,113;216;320;422;525;629;731;835;938;1041;1144;1247;1350;1453;1557;1659;1762;1865;1968;2072;2174;2278;2381;2483;2587;2690;2793;2896;2999;3102;3205;3309;3411;3515;3618;3720;3824;3926;4030;4133;4235,16.64;24.39;23.08;26.84;23.69;27.88;23.99;26.64;23.59;25.41;22.98;24.70;24.09;24.80;24.90;24.70;25.41;24.70;25.92;24.39;26.33;24.39;27.36;24.80;28.50;25.51;29.24;26.33;30.83;27.05;30.83;27.36;30.19;26.84;29.24;27.46;28.61;27.98;28.40;29.45;29.13,1.80;3.26;13.09;34.42;108.88;180.69;229.31;256.42;271.65;279.89;270.24;259.91;265.18;269.21;262.85;257.68;262.68;289.39;327.80;361.93;417.33;501.89;592.03;721.82;935.06;1274.43;1705.50;2298.87;3328.50;4584.56;5503.10;6021.25;6465.57;6725.91;6713.79;6564.74;7744.01;9255.62;10876.31;12461.95;13213.73,508.93;640.78;461.54;647.06;553.40;461.54;617.65;461.54;553.40;647.06;519.23;553.40;466.02;611.65;519.23;500.00;524.27;524.27;582.52;490.38;588.24;436.89;576.92;558.82;490.38;495.15;582.52;466.02;436.89;524.27;495.15;461.54;441.18;495.15;490.38;441.18;519.23;470.59;490.38;407.77;441.18,150
427,2,0,6340;6504;6606;6709;6813;6915;7019;7122;7224;7328;7431;7534;7637;7741;7843;7946;8049;8152;8256;8358;8461;8565;8667;8771;8874;8977;9080;9183;9286;9389;9493;9595;9698;9801;9904;10008;10110;10214;10317;10419;10523;10626;10729;10832;10935;11038;11141;11245;11347;11451;11554;11656;11760;11863,19.89;23.79;23.48;25.61;23.89;26.43;23.89;26.95;23.89;27.05;23.89;27.36;23.99;27.88;24.09;26.33;23.38;25.82;23.08;25.00;23.89;24.70;24.80;24.60;25.61;24.80;26.64;25.41;27.67;25.92;29.03;26.95;30.62;27.57;32.13;27.98;32.34;27.77;30.51;27.15;29.13;26.95;28.40;28.82;28.71;29.34;28.19;29.87;28.19;30.83;28.82;31.80;28.19;31.69,0.00;0.00;5.80;10.40;6.17;9.65;13.13;45.53;123.05;190.08;233.99;256.47;260.31;249.18;246.71;246.48;248.55;247.49;246.67;269.67;301.98;339.78;385.01;446.56;511.70;584.34;701.45;894.16;1213.09;1734.80;2455.42;3361.79;4463.05;5357.08;5754.35;5837.17;6094.69;6360.96;6388.92;6360.86;6654.83;7183.66;7702.04;8094.76;8674.22;9292.42;9667.24;9916.84;10315.15;10919.47;11409.74;12592.70;12533.79;13687.54,13.49;567.07;588.24;582.52;461.54;735.29;461.54;436.89;617.65;634.62;466.02;669.90;553.40;495.15;553.40;524.27;553.40;582.52;519.23;558.82;582.52;490.38;588.24;519.23;582.52;529.41;548.08;495.15;466.02;553.40;495.15;466.02;407.77;611.65;495.15;432.69;500.00;524.27;548.08;470.59;461.54;582.52;495.15;466.02;495.15;466.02;495.15;519.23;470.59;436.89;490.38;470.59;403.85;436.89,150
428,3,0,13967;14130;14234;14336;14440;14542;14645;14749;14851;14955;15058;15160;15264;15367;15470;15573;15677;15779;15882;15986;16088;16192;16295;16397;16501;16603;16707;16810;16913;17016;17119;17222;17325;17429;17531;17634;17738;17840;17944;18047;18150;18253;18356;18459;18562;18665;18768;18871;18974;19077;19181;19283;19387;19490,17.82;20.59;26.12;23.08;27.46;23.59;27.36;24.19;26.43;23.79;24.90;24.19;24.49;24.70;24.29;25.10;24.29;26.12;24.39;26.84;24.39;27.05;24.39;27.15;24.09;28.19;24.60;28.71;24.90;28.61;25.61;28.50;25.82;28.71;27.36;28.82;29.03;28.30;29.13;28.50;31.15;28.40;30.72;28.19;31.80;28.19;32.02;28.09;32.89;28.30;31.37;27.77;30.09;26.95,0.00;0.00;4.50;9.76;5.07;8.66;10.99;29.52;98.38;175.09;227.73;254.75;263.34;252.99;246.38;247.92;248.44;247.45;243.81;249.43;279.02;317.23;355.74;411.02;470.26;530.82;637.02;825.37;1123.87;1572.26;2221.97;3243.41;4780.24;6227.17;7302.23;8231.99;9049.85;9566.34;9769.32;10129.07;10788.95;11292.56;11483.39;11443.94;11583.61;11981.89;12309.63;12331.42;12211.89;12437.90;12809.20;13035.55;12968.73;12891.71,11.99;607.36;605.77;500.00;634.62;705.88;524.27;548.08;588.24;634.62;466.02;588.24;576.92;611.65;495.15;582.52;576.92;529.41;524.27;519.23;588.24;490.38;676.47;524.27;548.08;529.41;548.08;524.27;470.59;634.62;495.15;436.89;466.02;403.85;382.35;466.02;490.38;500.00;461.54;407.77;441.18;432.69;558.82;403.85;466.02;378.64;495.15;436.89;378.64;466.02;461.54;500.00;495.15;461.54,150
429,4,0,21593;21757;21860;21963;22066;22170;22272;22376;22478;22581;22685;22787;22891;22994;23096;23200;23303;23406;23509;23613;23715;23818;23922;24024;24128;24230;24333;24437;24539;24643;24746;24849,18.02;24.09;23.79;25.41;24.80;25.00;25.10;24.70;25.21;24.19;25.61;24.29;26.53;24.29;26.64;24.09;27.26;24.19;27.36;24.09;27.77;24.09;27.77;24.09;26.64;23.69;26.33;23.99;26.33;25.61;27.26;27.77,0.00;0.00;4.90;10.26;6.11;10.44;17.48;66.02;145.98;205.63;240.49;259.00;262.19;249.67;247.60;243.79;242.35;244.44;244.38;259.87;293.87;330.78;377.25;437.26;505.57;597.47;709.30;911.46;1284.26;1872.66;2704.18;3734.40,17.99;640.24;640.78;436.89;495.15;605.77;705.88;519.23;524.27;588.24;576.92;558.82;548.08;524.27;558.82;548.08;582.52;553.40;553.40;548.08;617.65;640.78;432.69;558.82;576.92;500.00;582.52;519.23;500.00;548.08;466.02;529.41,150
430,5,0,26953;27117;27219;27323;27426;27528;27632;27734;27838;27941;28043;28147;28250;28353;28456;28559;28662;28765;28869;28971;29075;29178;29280;29384;29486;29590;29693;29795;29899;30002;30105;30208;30312;30414;30517;30621;30723;30827;30930;31032;31136;31238;31342;31445;31548;31651;31754;31857;31960,21.58;23.79;24.80;24.60;25.61;24.39;25.92;24.19;26.43;24.09;26.53;23.99;27.36;24.19;27.36;23.99;27.57;23.89;27.26;23.79;26.33;23.48;25.51;23.08;25.00;24.19;25.21;25.00;25.41;26.33;26.12;28.50;27.26;29.56;27.36;30.94;27.77;31.05;27.57;31.48;27.88;31.80;27.88;31.15;27.57;29.77;27.36;28.71;28.19,0.00;0.00;2.82;8.05;3.02;6.26;7.97;11.53;34.03;108.67;184.09;230.84;254.79;261.62;252.47;248.11;246.41;245.03;245.43;244.27;256.73;291.46;327.90;371.26;432.23;503.95;592.06;705.21;939.73;1360.09;1964.47;2811.03;4018.61;5403.30;6545.96;7520.63;8616.69;9530.73;10126.75;10434.68;10838.75;11482.82;11947.91;12093.73;12179.34;12673.72;13167.68;13398.78;13356.90,20.99;567.07;676.47;495.15;519.23;529.41;605.77;529.41;576.92;611.65;558.82;519.23;582.52;495.15;582.52;582.52;553.40;466.02;634.62;529.41;548.08;495.15;529.41;576.92;588.24;548.08;582.52;529.41;519.23;524.27;466.02;495.15;490.38;529.41;553.40;403.85;441.18;432.69;466.02;382.35;403.85;441.18;461.54;436.89;407.77;436.89;407.77;436.89;466.02,150
456,1,0,109;212;316;418;522;624;727;831;933;1037;1140;1243;1346;1449;1552;1655;1758;1861;1964;2067;2170;2274;2376;2480;2582;2685;2789;2891;2995;3098;3200;3304;3406;3510;3613;3715;3819;3922;4025;4128;4232,19.99;20.59;25.72;23.18;25.72;23.79;25.41;24.39;25.10;23.89;24.29;24.09;24.19;24.39;24.09;24.90;24.19;25.31;24.19;25.41;23.99;25.92;24.09;25.92;23.99;26.53;24.19;27.26;24.80;27.98;25.61;29.98;26.95;30.83;27.67;30.94;26.84;30.40;26.33;29.24;26.33,2.36;4.00;15.74;17.54;18.04;20.29;22.93;34.03;90.02;166.19;214.58;239.92;255.84;264.89;259.31;251.15;254.23;258.28;261.93;267.43;269.61;295.32;330.02;372.38;424.58;493.21;590.77;733.38;937.03;1305.70;1890.97;2632.50;3574.21;4608.21;5339.23;5600.40;5876.97;6970.21;8909.38;10908.03;12863.77,666.67;553.40;692.31;705.88;663.46;617.65;611.65;692.31;529.41;605.77;669.90;735.29;634.62;647.06;634.62;611.65;699.03;582.52;640.78;611.65;582.52;605.77;411.76;524.27;582.52;728.16;548.08;529.41;576.92;669.90;617.65;519.23;588.24;548.08;582.52;588.24;519.23;524.27;466.02;553.40;490.38,159
457,2,0,6335;6499;6601;6705;6807;6910;7014;7116;7220;7323;7425;7529;7632;7735;7838;7941;8044;8147;8250;8353;8457;8559;8662;8765;8868;8972;9074;9177;9281;9383;9487;9590;9693;9796;9898;10002;10105;10208;10311;10414;10517;10620;10724;10826;10930;11032,18.11;23.99;22.68;26.43;23.38;26.33;23.28;26.84;23.48;27.05;23.59;26.33;23.18;25.72;22.98;25.10;22.68;24.60;23.08;24.39;23.79;24.70;24.29;24.60;24.70;24.60;25.41;25.31;26.53;25.82;28.19;27.15;29.66;27.46;29.45;27.05;30.30;26.95;31.26;27.77;31.26;27.67;31.69;27.57;31.69;27.77,0.00;0.00;11.90;20.30;17.61;21.21;27.64;68.83;143.06;198.53;230.89;249.91;261.58;262.71;252.88;252.89;259.95;262.93;268.35;268.12;278.93;316.23;357.48;404.04;474.85;568.02;693.38;882.66;1212.67;1763.72;2532.59;3489.20;4611.50;5799.68;6885.59;8086.98;9983.67;12426.33;14846.64;16688.92;17371.17;17321.81;16996.06;15868.25;13448.37;11979.17,227.89;640.24;852.94;548.08;705.88;524.27;634.62;705.88;519.23;902.91;676.47;692.31;823.53;576.92;699.03;617.65;634.62;553.40;640.78;669.90;576.92;735.29;699.03;407.77;699.03;692.31;500.00;728.16;634.62;617.65;634.62;524.27;640.78;582.52;588.24;461.54;436.89;495.15;436.89;466.02;466.02;378.64;461.54;529.41;519.23;500.00,159
458,3,0,13136;13299;13403;13506;13608;13712;13815;13918;14021;14123;14227;14330;14433;14536;14640;14742;14845;14949;15051;15155;15257;15360;15464;15566;15670;15773;15875;15979;16081;16185;16288;16391;16494;16597;16700;16803,17.92;23.59;22.58;25.92;23.48;26.74;23.48;26.43;23.59;27.36;23.69;27.57;23.79;26.84;23.38;26.43;23.08;25.82;23.08;25.31;22.68;24.60;23.38;24.60;23.99;24.80;24.49;25.00;26.02;25.61;26.95;26.43;28.50;27.15;29.03;27.26,0.00;0.00;14.28;23.49;20.12;23.57;27.84;61.25;135.60;197.09;230.51;249.13;261.83;266.60;257.36;251.80;258.68;266.52;264.05;265.36;269.98;302.05;338.64;378.76;436.93;514.07;631.46;808.10;1076.09;1519.24;2259.13;3472.67;5238.04;7481.43;9629.54;11613.94,82.46;717.79;873.79;634.62;676.47;923.08;524.27;640.78;669.90;676.47;605.77;640.78;699.03;640.78;699.03;640.78;728.16;605.77;588.24;865.38;617.65;728.16;663.46;647.06;576.92;669.90;794.12;634.62;764.71;548.08;611.65;640.78;524.27;524.27;582.52;495.15,159
459,4,0,18908;19070;19174;19276;19380;19483;19585;19689;19791;19895;19998;20101;20204;20307;20410;20513;20617;20719;20822;20925;21028;21132;21234;21337;21441;21543;21647;21750;21853;21956;22058;22162;22265;22368;22471;22574;22677,17.82;22.48;23.59;24.70;23.99;25.10;24.09;25.82;23.79;25.82;23.69;25.92;23.79;26.43;23.59;26.53;23.79;26.84;23.59;26.95;23.48;26.95;23.59;26.95;23.59;26.23;23.38;25.82;23.48;26.43;24.80;26.64;26.64;27.15;27.36;27.26;28.40,0.00;0.00;11.07;18.96;15.38;18.55;20.76;36.94;99.86;173.29;218.71;242.81;256.41;262.70;254.40;247.07;255.15;266.12;266.45;263.36;266.31;296.50;330.89;373.19;435.00;508.36;609.30;776.46;1023.89;1423.24;2063.32;2899.38;4170.17;6013.02;7834.63;9329.52;10858.22,26.99;574.07;865.38;735.29;663.46;757.28;529.41;721.15;676.47;432.69;640.78;764.71;548.08;495.15;669.90;699.03;461.54;617.65;699.03;611.65;495.15;663.46;705.88;524.27;692.31;705.88;576.92;852.94;576.92;786.41;794.12;461.54;611.65;407.77;611.65;378.64;436.89,159
460,5,0,24781;24944;25047;25151;25253;25357;25459;25563;25666;25768;25872;25975;26078;26181;26284;26387;26490;26593;26696;26800;26902;27005;27109;27211;27315;27418;27520;27624;27726;27830;27933;28035;28139;28242;28345;28448;28552;28654;28757;28860;28963,21.48;24.49;23.89;25.00;24.60;25.00;24.70;24.39;24.90;24.29;25.21;24.09;25.21;23.89;25.72;23.79;25.82;23.79;26.12;23.79;26.23;23.69;26.53;23.79;27.05;23.89;27.57;24.09;28.40;24.70;28.30;25.61;28.82;25.92;28.09;26.02;28.50;26.43;28.09;27.36;27.98,0.00;0.00;8.84;16.51;12.26;15.27;16.40;20.71;49.34;123.09;188.54;227.18;247.58;258.82;258.37;247.22;248.00;259.81;265.33;262.70;261.67;277.88;312.33;351.81;403.35;480.82;569.54;702.17;903.67;1261.76;1786.20;2489.23;3493.32;4681.92;5713.92;6658.97;8000.63;9571.45;10861.24;12022.88;13362.61,7.50;699.39;436.89;634.62;705.88;663.46;553.40;735.29;634.62;764.71;634.62;524.27;669.90;611.65;699.03;990.29;902.91;699.03;699.03;640.78;582.52;669.90;923.08;558.82;778.85;699.03;705.88;692.31;647.06;548.08;524.27;558.82;634.62;611.65;407.77;495.15;519.23;529.41;407.77;466.02;524.27,159
481,1,0,111;214;317;421;523;626;729;832;936;1038;1141;1244;1347;1451;1553;1657;1759;1862;1966;2068;2172;2274;2377;2481;2583;2687;2789;2893;2996;3098;3202;3304;3408;3511;3613;3717;3820;3923;4026;4129;4232;4335;4438;4541;4644;4747;4850;4953;5056;5159;5262;5365;5468;5571;5675;5777;5881;5983;6086;6190;6292;6396;6498,17.82;21.38;24.80;23.89;25.72;24.09;25.61;22.88;24.60;22.48;24.70;22.48;24.60;22.48;24.70;22.48;25.00;22.68;25.00;22.78;25.10;23.08;25.92;23.89;27.15;23.79;25.82;23.28;26.23;24.19;27.36;25.00;27.98;25.92;28.61;25.92;28.71;26.64;29.34;26.64;28.82;26.02;28.40;26.43;28.82;26.53;28.50;26.64;28.82;27.36;29.13;27.46;28.82;27.26;28.82;27.57;29.34;27.57;28.71;27.57;28.61;27.46;28.71,2.18;4.26;13.48;13.82;16.26;26.26;78.94;169.67;233.02;253.60;253.93;255.15;241.65;238.94;264.97;288.84;300.91;343.45;400.61;463.76;556.13;711.29;917.24;1250.17;1807.46;2482.68;2939.68;1949.91;1809.48;2889.09;4443.70;6387.72;8095.16;9597.16;8128.05;9481.58;8426.44;9011.49;9518.24;11094.59;11586.31;11883.46;10113.84;10765.47;10442.02;10602.71;10809.15;11708.83;11279.83;12358.29;12311.36;12079.10;11483.25;10943.55;12504.45;12097.27;11281.25;11011.34;12654.57;11795.78;11361.92;11774.80;11931.54,572.73;582.52;640.78;692.31;529.41;640.78;699.03;611.65;663.46;529.41;669.90;699.03;553.40;692.31;705.88;721.15;617.65;524.27;750.00;558.82;692.31;647.06;611.65;519.23;705.88;490.38;647.06;548.08;553.40;764.71;605.77;617.65;403.85;553.40;470.59;548.08;495.15;436.89;407.77;441.18;461.54;524.27;407.77;640.78;378.64;553.40;436.89;466.02;495.15;466.02;466.02;524.27;466.02;699.03;436.89;407.77;576.92;470.59;466.02;461.54;529.41;548.08;558.82,165
482,2,0,8602;8765;8868;8971;9073;9177;9280;9383;9486;9589;9692;9795;9898;10001;10105;10207;10310;10413;10516;10620;10722;10825;10928;11031;11135;11237;11341;11443;11546;11650;11752;11856;11958;12061;12165;12267;12371;12473;12577;12680;12782,19.89;23.18;23.89;25.10;24.29;25.21;24.39;25.61;23.69;24.70;23.79;24.90;23.38;24.80;23.18;24.80;22.48;24.70;22.78;24.90;22.78;25.51;23.28;26.02;23.18;25.51;23.38;26.12;24.29;27.98;25.72;28.92;26.12;28.40;25.61;28.40;26.02;28.82;25.92;28.19;26.23,0.00;0.00;2.00;9.92;8.16;15.31;34.03;111.30;199.34;239.24;244.39;242.61;230.33;233.68;262.65;288.77;296.19;314.55;361.62;420.60;486.52;605.26;811.92;1026.42;1257.24;1420.47;981.04;971.58;1486.21;2407.50;3639.06;4504.30;5063.28;5852.26;6748.55;7634.74;8792.66;10330.49;11862.99;11033.70;11834.05,7.50;680.98;699.03;786.41;558.82;692.31;728.16;728.16;640.78;705.88;778.85;611.65;669.90;669.90;466.02;669.90;640.78;640.78;436.89;605.77;529.41;757.28;378.64;640.78;1038.46;764.71;519.23;735.29;553.40;605.77;617.65;576.92;676.47;757.28;576.92;411.76;490.38;500.00;466.02;432.69;441.18,165
483,3,0,14887;15049;15152;15255;15358;15461;15565;15667;15770;15873;15976;16080;16182;16285;16388;16491;16595;16697;16801;16903;17006;17110;17212;17316;17418;17521;17625;17727;17831;17933;18036;18140;18242;18346;18448;18552;18655;18757;18861;18963,18.51;21.98;24.80;24.19;25.61;24.39;25.51;24.19;25.21;23.08;24.70;22.68;24.80;22.48;24.80;22.58;25.10;22.78;25.21;22.78;25.10;23.08;25.82;23.59;26.02;23.38;26.23;23.48;26.84;24.70;28.09;25.72;28.92;26.33;30.09;26.64;28.71;25.92;28.82;26.02,0.00;0.00;2.22;8.39;6.47;12.78;23.36;82.24;174.01;230.45;242.18;243.09;234.47;227.98;247.38;277.05;292.18;302.22;337.85;393.52;455.42;552.80;721.64;971.39;1136.27;1334.00;1490.93;1721.57;1895.57;2840.83;4687.23;6601.44;7970.41;8898.61;9890.33;10680.62;10930.09;10947.62;11529.20;12677.88,34.48;833.33;669.90;582.52;844.66;582.52;634.62;970.59;640.78;611.65;669.90;923.08;500.00;669.90;378.64;640.78;721.15;529.41;495.15;728.16;669.90;461.54;382.35;605.77;529.41;699.03;778.85;676.47;605.77;647.06;436.89;548.08;588.24;519.23;441.18;519.23;553.40;411.76;663.46;382.35,165
484,4,0,21069;21230;21333;21436;21540;21642;21745;21848;21951;22055;22157;22260;22363;22466;22570;22672;22776;22878;22981;23085;23187;23291;23393;23496;23600;23702;23806;23908;24012;24115;24217;24321;24423;24527;24630;24732;24836;24938;25042,21.08;21.48;26.23;22.88;27.05;23.18;26.95;23.18;25.92;23.08;25.92;22.98;25.82;22.98;26.23;23.18;26.64;23.38;26.53;23.38;26.74;23.69;27.46;24.09;27.67;23.99;27.57;24.39;28.50;25.41;30.19;26.43;31.26;26.84;31.37;27.26;30.83;26.95;31.15,0.00;0.00;0.00;6.07;4.42;10.57;19.41;75.35;168.32;225.97;239.48;240.65;233.35;225.20;241.69;272.49;288.32;296.88;330.82;385.78;444.87;530.00;677.03;881.41;1072.63;1285.33;976.15;883.85;1485.91;2675.59;4708.54;6936.76;8827.24;10289.41;11425.24;12248.54;12352.39;12660.29;12444.90,26.97;503.11;1281.55;669.90;634.62;852.94;466.02;669.90;524.27;605.77;470.59;640.78;1194.17;699.03;663.46;617.65;1298.08;500.00;582.52;605.77;794.12;605.77;794.12;524.27;461.54;705.88;519.23;735.29;553.40;519.23;705.88;490.38;500.00;548.08;466.02;411.76;490.38;470.59;461.54,165
485,5,0,27146;27308;27411;27515;27617;27720;27823;27926;28030;28132;28236,19.10;24.90;22.68;27.05;23.18;26.84;22.98;26.95;23.48;26.84;23.48,0.00;0.00;0.46;6.26;4.46;11.39;22.23;81.44;171.58;227.39;296.35;253.20;248.69;281.49;289.32;295.88;350.82;365.78;448.87;539.00;666.03;886.41;1112.63;1285.33;998.15;934.85;1567.91;2474.59;4612.54;6837.76;8083.24;1032.41;10478;11867;12248.5,266.87;777.78;553.40;663.46;705.88;640.78;640.78;1281.55;605.77;500.00;640.78,165
