1,20:09:08,2025-03-01
2,20:09:56,2025-03-01
3,20:10:02,2025-03-01
4,20:12:52,2025-03-01
5,20:12:57,2025-03-01
6,20:13:01,2025-03-01
7,20:13:09,2025-03-01
8,20:13:43,2025-03-01
9,20:13:52,2025-03-01
10,20:16:05,2025-03-01
11,21:11:27,2025-03-01
12,21:12:47,2025-03-01
13,21:13:32,2025-03-01
14,21:34:13,2025-03-01
15,21:40:51,2025-03-01
16,21:41:01,2025-03-01
17,21:51:06,2025-03-01
18,20:30:58,2025-03-03
19,11:12:55,2025-03-04
20,14:16:55,2025-03-06
21,14:23:18,2025-03-06
22,14:25:00,2025-03-06
23,14:30:05,2025-03-06
24,14:30:19,2025-03-06
25,14:30:26,2025-03-06
26,14:30:30,2025-03-06
27,14:32:07,2025-03-06
28,14:35:14,2025-03-06
29,14:35:17,2025-03-06
30,14:43:53,2025-03-06
31,14:43:58,2025-03-06
32,14:44:06,2025-03-06
33,14:48:40,2025-03-06
34,12:08:00,2025-03-12
35,12:10:11,2025-03-12
36,13:10:40,2025-03-12
37,13:11:53,2025-03-12
38,13:12:55,2025-03-12
39,13:13:21,2025-03-12
40,13:15:29,2025-03-12
41,13:16:15,2025-03-12
42,13:17:46,2025-03-12
43,13:18:05,2025-03-12
44,13:21:43,2025-03-12
45,13:25:52,2025-03-12
46,13:26:18,2025-03-12
47,13:28:28,2025-03-12
48,11:48:25,2025-03-15
49,11:48:28,2025-03-15
50,11:48:31,2025-03-15
51,11:50:05,2025-03-15
52,11:50:08,2025-03-15
53,11:54:21,2025-03-15
54,11:57:08,2025-03-15
55,11:57:16,2025-03-15
56,11:57:20,2025-03-15
57,12:07:51,2025-03-15
58,12:07:52,2025-03-15
59,12:07:55,2025-03-15
60,12:09:52,2025-03-15
61,12:12:07,2025-03-15
62,12:12:12,2025-03-15
63,12:12:14,2025-03-15
64,18:45:32,2025-03-15
65,18:53:48,2025-03-15
66,18:58:02,2025-03-15
67,19:01:38,2025-03-15
68,19:03:20,2025-03-15
69,19:04:35,2025-03-15
70,19:06:21,2025-03-15
71,19:09:03,2025-03-15
72,19:09:24,2025-03-15
73,19:10:03,2025-03-15
74,19:18:56,2025-03-15
75,19:21:33,2025-03-15
76,19:22:01,2025-03-15
77,19:23:07,2025-03-15
78,19:24:35,2025-03-15
79,19:25:08,2025-03-15
80,19:25:25,2025-03-15
81,19:27:32,2025-03-15
82,19:27:57,2025-03-15
83,19:30:31,2025-03-15
84,13:07:29,2025-03-16
85,13:23:58,2025-03-16
86,14:44:44,2025-03-16
87,14:45:17,2025-03-16
88,14:45:34,2025-03-16
89,14:45:38,2025-03-16
90,14:46:00,2025-03-16
91,14:47:29,2025-03-16
92,14:49:09,2025-03-16
93,14:49:33,2025-03-16
94,22:38:22,2025-03-16
95,20:33:23,2025-03-17
96,20:38:01,2025-03-17
97,20:39:51,2025-03-17
98,10:57:28,2025-03-18
99,14:50:04,2025-03-18
100,14:53:47,2025-03-18
101,15:02:43,2025-03-18
102,20:10:48,2025-03-19
103,23:14:17,2025-03-19
104,23:21:56,2025-03-19
105,23:23:16,2025-03-19
106,23:23:35,2025-03-19
107,23:36:09,2025-03-19
108,19:24:45,2025-04-22
109,19:25:53,2025-04-22
110,11:21:35,2025-04-23
111,11:22:34,2025-04-23
112,12:24:52,2025-04-23
113,13:45:03,2025-04-24
114,13:48:10,2025-04-24
115,13:52:29,2025-04-24
116,14:02:11,2025-04-24
117,14:05:10,2025-04-24
118,14:07:25,2025-04-24
119,14:11:03,2025-04-24
120,14:11:53,2025-04-24
121,14:14:34,2025-04-24
122,14:14:58,2025-04-24
123,14:28:33,2025-04-24
124,14:30:28,2025-04-24
125,18:45:02,2025-04-24
126,18:45:37,2025-04-24
127,21:01:35,2025-04-27
128,21:02:16,2025-04-27
129,12:11:28,2025-04-28
130,10:12:52,2025-04-29
131,10:15:50,2025-04-29
132,14:29:36,2025-05-12
133,14:29:40,2025-05-12
134,14:48:45,2025-05-12
135,15:09:12,2025-05-12
136,15:13:45,2025-05-12
137,15:22:49,2025-05-12
138,15:24:56,2025-05-12
139,15:26:27,2025-05-12
140,15:27:55,2025-05-12
141,15:41:18,2025-05-12
142,15:42:38,2025-05-12
143,15:44:09,2025-05-12
144,15:46:22,2025-05-12
145,15:47:06,2025-05-12
146,15:50:07,2025-05-12
147,15:50:50,2025-05-12
148,12:17:00,2025-05-14
149,12:18:57,2025-05-14
150,12:20:41,2025-05-14
151,12:21:02,2025-05-14
152,12:21:23,2025-05-14
153,12:25:22,2025-05-14
154,12:25:38,2025-05-14
155,12:27:58,2025-05-14
156,12:28:08,2025-05-14
157,12:30:19,2025-05-14
158,12:31:29,2025-05-14
159,15:35:21,2025-05-15
160,10:00:01,2025-05-19
161,10:00:11,2025-05-19
162,10:01:54,2025-05-19
163,10:02:55,2025-05-19
164,10:06:18,2025-05-19
165,10:07:12,2025-05-19
166,10:07:16,2025-05-19
167,10:14:56,2025-05-19
168,10:18:46,2025-05-19
169,10:18:49,2025-05-19
170,10:20:27,2025-05-19
171,10:24:24,2025-05-19
172,10:24:27,2025-05-19
173,10:25:24,2025-05-19
174,10:26:47,2025-05-19
175,10:32:49,2025-05-19
176,10:38:07,2025-05-19
177,10:43:24,2025-05-19
178,11:04:26,2025-05-19
179,10:27:26,2025-05-20
180,10:27:48,2025-05-20
181,10:36:52,2025-05-20
182,10:49:29,2025-05-20
183,10:52:44,2025-05-20
184,10:59:41,2025-05-20
185,11:03:11,2025-05-20
186,11:14:43,2025-05-20
187,11:15:13,2025-05-20
188,11:15:47,2025-05-20
189,11:17:21,2025-05-20
190,11:19:48,2025-05-20
191,11:19:54,2025-05-20
192,11:20:53,2025-05-20
193,11:22:04,2025-05-20
194,11:23:08,2025-05-20
195,11:24:09,2025-05-20
196,11:26:51,2025-05-20
197,11:27:22,2025-05-20
198,11:27:52,2025-05-20
199,11:33:36,2025-05-20
